Workbook

Sheet Main
K1: AVERAGES
A2: TN-Code | B2: Condition | C2: MSSQ P_A | D2: MiSc | E2: ΔSSQ-N | F2: ΔSSQ-O | G2: ΔSSQ-D | H2: ΔSSQ-Total | K2: CONDITION | L2: MiSc AVG | M2: ΔSSQ-N | N2: ΔSSQ-O | O2: ΔSSQ-D | P2: ΔSSQ-Total
A3: 4I9W4 | B3: C | C3: 50 | D3: 1 | E3: =SSQ_Results!P4 -> 28.62 | F3: =SSQ_Results!Q4 -> 15.16 | G3: =SSQ_Results!R4 -> 0 | H3: =SSQ_Results!S4 -> 18.7 | K3: C | L3: =AVERAGEIF($B:$B, $K3, D:D) -> 2.9090909 | M3: =AVERAGEIF($B:$B, $K3, E:E) -> 18.646364 | N3: =AVERAGEIF($B:$B, $K3, F:F) -> 23.084545 | O3: =AVERAGEIF($B:$B, $K3, G:G) -> 34.8 | P3: =AVERAGEIF($B:$B, $K3, H:H) -> 28.05
A4: ME31A | B4: C | C4: 80 | D4: 6 | E4: =SSQ_Results!P5 -> 47.7 | F4: =SSQ_Results!Q5 -> 113.7 | G4: =SSQ_Results!R5 -> 153.12 | H4: =SSQ_Results!S5 -> 115.94 | K4: T | L4: =AVERAGEIF($B:$B, $K4, D:D) -> 1.5454545 | M4: =AVERAGEIF($B:$B, $K4, E:E) -> 6.5045455 | N4: =AVERAGEIF($B:$B, $K4, F:F) -> 19.639091 | O4: =AVERAGEIF($B:$B, $K4, G:G) -> 29.105455 | P4: =AVERAGEIF($B:$B, $K4, H:H) -> 20.06
A5: UY5WK | B5: C | C5: 50 | D5: 1 | E5: =SSQ_Results!P6 -> 9.54 | F5: =SSQ_Results!Q6 -> 15.16 | G5: =SSQ_Results!R6 -> 13.92 | H5: =SSQ_Results!S6 -> 14.96
A6: XFNKY | B6: C | C6: 95 | D6: 6 | E6: =SSQ_Results!P7 -> 38.16 | F6: =SSQ_Results!Q7 -> 22.74 | G6: =SSQ_Results!R7 -> 41.76 | H6: =SSQ_Results!S7 -> 37.4 | K6: C + MSSQ > 70 | L6: =AVERAGEIFS(D:D,$B:$B,"C",$C:$C,">=70") -> 3.8461538 | M6: =AVERAGEIFS(E:E,$B:$B,"C",$C:$C,">=70") -> 27.886154 | N6: =AVERAGEIFS(F:F,$B:$B,"C",$C:$C,">=70") -> 30.903077 | O6: =AVERAGEIFS(G:G,$B:$B,"C",$C:$C,">=70") -> 48.184615 | P6: =AVERAGEIFS(H:H,$B:$B,"C",$C:$C,">=70") -> 39.126154
A7: DCNC9 | B7: C | C7: 0 | D7: 1 | E7: =SSQ_Results!P8 -> -9.54 | F7: =SSQ_Results!Q8 -> -15.16 | G7: =SSQ_Results!R8 -> 27.84 | H7: =SSQ_Results!S8 -> -3.74 | K7: T + MSSQ > 70 | L7: =AVERAGEIFS(D:D,$B:$B,"T",$C:$C,">=70") -> 2.3333333 | M7: =AVERAGEIFS(E:E,$B:$B,"T",$C:$C,">=70") -> 6.36 | N7: =AVERAGEIFS(F:F,$B:$B,"T",$C:$C,">=70") -> 24.635 | O7: =AVERAGEIFS(G:G,$B:$B,"T",$C:$C,">=70") -> 33.64 | P7: =AVERAGEIFS(H:H,$B:$B,"T",$C:$C,">=70") -> 23.686667
A8: TZ4DI | B8: T | C8: 80 | D8: 1 | E8: =SSQ_Results!P9 -> -19.08 | F8: =SSQ_Results!Q9 -> 22.74 | G8: =SSQ_Results!R9 -> 41.76 | H8: =SSQ_Results!S9 -> 14.96
A9: 1SMHB | B9: C | C9: 60 | D9: 1 | E9: =SSQ_Results!P10 -> 9.54 | F9: =SSQ_Results!Q10 -> 22.74 | G9: =SSQ_Results!R10 -> 55.68 | H9: =SSQ_Results!S10 -> 29.92
A10: 34K8Q | B10: T | C10: 50 | D10: 1 | E10: =SSQ_Results!P11 -> 9.54 | F10: =SSQ_Results!Q11 -> 22.74 | G10: =SSQ_Results!R11 -> 13.92 | H10: =SSQ_Results!S11 -> 18.7 | K10: CONDITION | L10: MSSQ Perc. | M10: MiSc AVG | N10: ΔSSQ-N | O10: ΔSSQ-O | P10: ΔSSQ-D | Q10: ΔSSQ-Total
A11: 5OU3R | B11: T | C11: 90 | D11: 6 | E11: =SSQ_Results!P12 -> 57.24 | F11: =SSQ_Results!Q12 -> 136.44 | G11: =SSQ_Results!R12 -> 153.12 | H11: =SSQ_Results!S12 -> 130.9 | K11: C | L11: 0 | M11: =AVERAGEIFS(D:D,$B:$B,$K11,$C:$C,">=" & $L11) -> 2.9090909 | N11: =AVERAGEIFS(E:E,$B:$B,$K11,$C:$C,">=" & $L11) -> 18.646364 | O11: =AVERAGEIFS(F:F,$B:$B,$K11,$C:$C,">=" & $L11) -> 23.084545 | P11: =AVERAGEIFS(G:G,$B:$B,$K11,$C:$C,">=" & $L11) -> 34.8 | Q11: =AVERAGEIFS(H:H,$B:$B,$K11,$C:$C,">=" & $L11) -> 28.05
A12: 06L7T | B12: T | C12: 20 | D12: 0 | E12: =SSQ_Results!P13 -> 9.54 | F12: =SSQ_Results!Q13 -> 7.58 | G12: =SSQ_Results!R13 -> 13.92 | H12: =SSQ_Results!S13 -> 11.22 | K12: T | L12: 0 | M12: =AVERAGEIFS(D:D,$B:$B,$K12,$C:$C,">=" & $L12) -> 1.5454545 | N12: =AVERAGEIFS(E:E,$B:$B,$K12,$C:$C,">=" & $L12) -> 6.5045455 | O12: =AVERAGEIFS(F:F,$B:$B,$K12,$C:$C,">=" & $L12) -> 19.639091 | P12: =AVERAGEIFS(G:G,$B:$B,$K12,$C:$C,">=" & $L12) -> 29.105455 | Q12: =AVERAGEIFS(H:H,$B:$B,$K12,$C:$C,">=" & $L12) -> 20.06
A13: L3Z7S | B13: T | C13: 80 | D13: 5 | E13: =SSQ_Results!P14 -> 28.62 | F13: =SSQ_Results!Q14 -> 68.22 | G13: =SSQ_Results!R14 -> 69.6 | H13: =SSQ_Results!S14 -> 63.58 | K13: C | L13: 10 | M13: =AVERAGEIFS(D:D,$B:$B,$K13,$C:$C,">=" & $L13) -> 3.1052632 | N13: =AVERAGEIFS(E:E,$B:$B,$K13,$C:$C,">=" & $L13) -> 23.096842 | O13: =AVERAGEIFS(F:F,$B:$B,$K13,$C:$C,">=" & $L13) -> 28.724211 | P13: =AVERAGEIFS(G:G,$B:$B,$K13,$C:$C,">=" & $L13) -> 39.562105 | Q13: =AVERAGEIFS(H:H,$B:$B,$K13,$C:$C,">=" & $L13) -> 33.856842
A14: FZW2P | B14: T | C14: 50 | D14: 0 | E14: =SSQ_Results!P15 -> 0 | F14: =SSQ_Results!Q15 -> 0 | G14: =SSQ_Results!R15 -> 13.92 | H14: =SSQ_Results!S15 -> 3.74 | K14: T | L14: 10 | M14: =AVERAGEIFS(D:D,$B:$B,$K14,$C:$C,">=" & $L14) -> 1.7 | N14: =AVERAGEIFS(E:E,$B:$B,$K14,$C:$C,">=" & $L14) -> 8.109 | O14: =AVERAGEIFS(F:F,$B:$B,$K14,$C:$C,">=" & $L14) -> 21.224 | P14: =AVERAGEIFS(G:G,$B:$B,$K14,$C:$C,">=" & $L14) -> 30.624 | Q14: =AVERAGEIFS(H:H,$B:$B,$K14,$C:$C,">=" & $L14) -> 21.879
A15: 9FPX2 | B15: C | C15: 90 | D15: 7 | E15: =SSQ_Results!P16 -> 19.08 | F15: =SSQ_Results!Q16 -> 37.9 | G15: =SSQ_Results!R16 -> 83.52 | H15: =SSQ_Results!S16 -> 48.62 | K15: C | L15: 20 | M15: =AVERAGEIFS(D:D,$B:$B,$K15,$C:$C,">=" & $L15) -> 3.1052632 | N15: =AVERAGEIFS(E:E,$B:$B,$K15,$C:$C,">=" & $L15) -> 23.096842 | O15: =AVERAGEIFS(F:F,$B:$B,$K15,$C:$C,">=" & $L15) -> 28.724211 | P15: =AVERAGEIFS(G:G,$B:$B,$K15,$C:$C,">=" & $L15) -> 39.562105 | Q15: =AVERAGEIFS(H:H,$B:$B,$K15,$C:$C,">=" & $L15) -> 33.856842
A16: YU39C | B16: T | C16: 60 | D16: 3 | E16: =SSQ_Results!P17 -> 28.62 | F16: =SSQ_Results!Q17 -> 15.16 | G16: =SSQ_Results!R17 -> 41.76 | H16: =SSQ_Results!S17 -> 29.92 | K16: T | L16: 20 | M16: =AVERAGEIFS(D:D,$B:$B,$K16,$C:$C,">=" & $L16) -> 1.7 | N16: =AVERAGEIFS(E:E,$B:$B,$K16,$C:$C,">=" & $L16) -> 8.109 | O16: =AVERAGEIFS(F:F,$B:$B,$K16,$C:$C,">=" & $L16) -> 21.224 | P16: =AVERAGEIFS(G:G,$B:$B,$K16,$C:$C,">=" & $L16) -> 30.624 | Q16: =AVERAGEIFS(H:H,$B:$B,$K16,$C:$C,">=" & $L16) -> 21.879
A17: 3VWH2 | B17: T | C17: 80 | D17: 1 | E17: =SSQ_Results!P18 -> -19.08 | F17: =SSQ_Results!Q18 -> 7.58 | G17: =SSQ_Results!R18 -> 0 | H17: =SSQ_Results!S18 -> -3.74 | K17: C | L17: 30 | M17: =AVERAGEIFS(D:D,$B:$B,$K17,$C:$C,">=" & $L17) -> 3.2777778 | N17: =AVERAGEIFS(E:E,$B:$B,$K17,$C:$C,">=" & $L17) -> 25.44 | O17: =AVERAGEIFS(F:F,$B:$B,$K17,$C:$C,">=" & $L17) -> 30.32 | P17: =AVERAGEIFS(G:G,$B:$B,$K17,$C:$C,">=" & $L17) -> 41.76 | Q17: =AVERAGEIFS(H:H,$B:$B,$K17,$C:$C,">=" & $L17) -> 36.153333
A18: 8D2OQ | B18: T | C18: 95 | D18: 1 | E18: =SSQ_Results!P19 -> -19.08 | F18: =SSQ_Results!Q19 -> 7.58 | G18: =SSQ_Results!R19 -> 0 | H18: =SSQ_Results!S19 -> -3.74 | K18: T | L18: 30 | M18: =AVERAGEIFS(D:D,$B:$B,$K18,$C:$C,">=" & $L18) -> 1.7894737 | N18: =AVERAGEIFS(E:E,$B:$B,$K18,$C:$C,">=" & $L18) -> 8.0336842 | O18: =AVERAGEIFS(F:F,$B:$B,$K18,$C:$C,">=" & $L18) -> 21.942105 | P18: =AVERAGEIFS(G:G,$B:$B,$K18,$C:$C,">=" & $L18) -> 31.503158 | Q18: =AVERAGEIFS(H:H,$B:$B,$K18,$C:$C,">=" & $L18) -> 22.44
A19: 4BL3F | B19: C | C19: 20 | D19: 0 | E19: =SSQ_Results!P20 -> -19.08 | F19: =SSQ_Results!Q20 -> 0 | G19: =SSQ_Results!R20 -> 0 | H19: =SSQ_Results!S20 -> -7.48 | K19: C | L19: 40 | M19: =AVERAGEIFS(D:D,$B:$B,$K19,$C:$C,">=" & $L19) -> 3.2941176 | N19: =AVERAGEIFS(E:E,$B:$B,$K19,$C:$C,">=" & $L19) -> 25.814118 | O19: =AVERAGEIFS(F:F,$B:$B,$K19,$C:$C,">=" & $L19) -> 28.982353 | P19: =AVERAGEIFS(G:G,$B:$B,$K19,$C:$C,">=" & $L19) -> 42.578824 | Q19: =AVERAGEIFS(H:H,$B:$B,$K19,$C:$C,">=" & $L19) -> 35.86
A20: G2N0X | B20: T | C20: 0 | D20: 0 | E20: =SSQ_Results!P21 -> -19.08 | F20: =SSQ_Results!Q21 -> 0 | G20: =SSQ_Results!R21 -> 27.84 | H20: =SSQ_Results!S21 -> 0 | K20: T | L20: 40 | M20: =AVERAGEIFS(D:D,$B:$B,$K20,$C:$C,">=" & $L20) -> 1.8333333 | N20: =AVERAGEIFS(E:E,$B:$B,$K20,$C:$C,">=" & $L20) -> 6.36 | O20: =AVERAGEIFS(F:F,$B:$B,$K20,$C:$C,">=" & $L20) -> 19.371111 | P20: =AVERAGEIFS(G:G,$B:$B,$K20,$C:$C,">=" & $L20) -> 31.706667 | Q20: =AVERAGEIFS(H:H,$B:$B,$K20,$C:$C,">=" & $L20) -> 20.57
A21: AM5FH | B21: C | C21: 90 | D21: 3 | E21: =SSQ_Results!P22 -> 9.54 | F21: =SSQ_Results!Q22 -> 15.16 | G21: =SSQ_Results!R22 -> 27.84 | H21: =SSQ_Results!S22 -> 18.7 | K21: C | L21: 50 | M21: =AVERAGEIFS(D:D,$B:$B,$K21,$C:$C,">=" & $L21) -> 3.2941176 | N21: =AVERAGEIFS(E:E,$B:$B,$K21,$C:$C,">=" & $L21) -> 25.814118 | O21: =AVERAGEIFS(F:F,$B:$B,$K21,$C:$C,">=" & $L21) -> 28.982353 | P21: =AVERAGEIFS(G:G,$B:$B,$K21,$C:$C,">=" & $L21) -> 42.578824 | Q21: =AVERAGEIFS(H:H,$B:$B,$K21,$C:$C,">=" & $L21) -> 35.86
A22: 15KZ9 | B22: C | C22: 70 | D22: 2 | E22: =SSQ_Results!P23 -> 19.08 | F22: =SSQ_Results!Q23 -> 0 | G22: =SSQ_Results!R23 -> 27.84 | H22: =SSQ_Results!S23 -> 14.96 | K22: T | L22: 50 | M22: =AVERAGEIFS(D:D,$B:$B,$K22,$C:$C,">=" & $L22) -> 1.9411765 | N22: =AVERAGEIFS(E:E,$B:$B,$K22,$C:$C,">=" & $L22) -> 7.2952941 | O22: =AVERAGEIFS(F:F,$B:$B,$K22,$C:$C,">=" & $L22) -> 20.510588 | P22: =AVERAGEIFS(G:G,$B:$B,$K22,$C:$C,">=" & $L22) -> 31.934118 | Q22: =AVERAGEIFS(H:H,$B:$B,$K22,$C:$C,">=" & $L22) -> 21.56
... A32: U50F8 | B32: C | C32: 30 | D32: 3 | E32: =SSQ_Results!P33 -> 19.08 | F32: =SSQ_Results!Q33 -> 53.06 | G32: =SSQ_Results!R33 -> 27.84 | H32: =SSQ_Results!S33 -> 41.14 | K32: T | L32: 95 | M32: =AVERAGEIFS(D:D,$B:$B,$K32,$C:$C,">=" & $L32) -> 1.5 | N32: =AVERAGEIFS(E:E,$B:$B,$K32,$C:$C,">=" & $L32) -> -4.77 | O32: =AVERAGEIFS(F:F,$B:$B,$K32,$C:$C,">=" & $L32) -> 6.3166667 | P32: =AVERAGEIFS(G:G,$B:$B,$K32,$C:$C,">=" & $L32) -> 18.56 | Q32: =AVERAGEIFS(H:H,$B:$B,$K32,$C:$C,">=" & $L32) -> 6.2333333
A33: VYWK4 | B33: T | C33: 30 | D33: 1 | E33: =SSQ_Results!P34 -> 38.16 | F33: =SSQ_Results!Q34 -> 68.22 | G33: =SSQ_Results!R34 -> 27.84 | H33: =SSQ_Results!S34 -> 56.1
A34: 6S3PJ | B34: C | C34: 70 | D34: 3 | E34: =SSQ_Results!P35 -> 19.08 | F34: =SSQ_Results!Q35 -> 30.32 | G34: =SSQ_Results!R35 -> 13.92 | H34: =SSQ_Results!S35 -> 26.18
A35: C2LV9 | B35: T | C35: 40 | D35: 0 | E35: =SSQ_Results!P36 -> -9.54 | F35: =SSQ_Results!Q36 -> 0 | G35: =SSQ_Results!R36 -> 27.84 | H35: =SSQ_Results!S36 -> 3.74
A36: 8E4Z6 | B36: C | C36: 0 | D36: 1 | E36: =SSQ_Results!P37 -> -19.08 | F36: =SSQ_Results!Q37 -> -15.16 | G36: =SSQ_Results!R37 -> -13.92 | H36: =SSQ_Results!S37 -> -18.7
A37: 6D0V8 | B37: C | C37: 50 | D37: 3 | E37: =SSQ_Results!P38 -> 28.62 | F37: =SSQ_Results!Q38 -> 37.9 | G37: =SSQ_Results!R38 -> 27.84 | H37: =SSQ_Results!S38 -> 37.4
A38: KFI73 | B38: C | C38: 95 | D38: 2 | E38: =SSQ_Results!P39 -> -9.54 | F38: =SSQ_Results!Q39 -> 7.58 | G38: =SSQ_Results!R39 -> -27.84 | H38: =SSQ_Results!S39 -> -7.48
A39: NTSL7 | B39: T | C39: 70 | D39: 5 | E39: =SSQ_Results!P40 -> 57.24 | F39: =SSQ_Results!Q40 -> 15.16 | G39: =SSQ_Results!R40 -> 27.84 | H39: =SSQ_Results!S40 -> 37.4
A40: 70J4N | B40: T | C40: 0 | D40: 0 | E40: =SSQ_Results!P41 -> 0 | F40: =SSQ_Results!Q41 -> 7.58 | G40: =SSQ_Results!R41 -> 0 | H40: =SSQ_Results!S41 -> 3.74
A41: Q85UH | B41: C | C41: 95 | D41: 8 | E41: =SSQ_Results!P42 -> 66.78 | F41: =SSQ_Results!Q42 -> 37.9 | G41: =SSQ_Results!R42 -> 97.44 | H41: =SSQ_Results!S42 -> 71.06
A42: JN4H3 | B42: T | C42: 95 | D42: 3 | E42: =SSQ_Results!P43 -> 57.24 | F42: =SSQ_Results!Q43 -> 15.16 | G42: =SSQ_Results!R43 -> 27.84 | H42: =SSQ_Results!S43 -> 37.4
A43: 9I7W0 | B43: C | C43: 90 | D43: 1 | E43: =SSQ_Results!P44 -> 38.16 | F43: =SSQ_Results!Q44 -> 30.32 | G43: =SSQ_Results!R44 -> 0 | H43: =SSQ_Results!S44 -> 29.92
A44: P1Y6Z | B44: T | C44: 95 | D44: 0 | E44: =SSQ_Results!P45 -> -28.62 | F44: =SSQ_Results!Q45 -> -7.58 | G44: =SSQ_Results!R45 -> 0 | H44: =SSQ_Results!S45 -> -14.96
... A46: X4N1R | B46: C | C46: 90 | D46: 8 | E46: =SSQ_Results!P47 -> 85.86 | F46: =SSQ_Results!Q47 -> 37.9 | G46: =SSQ_Results!R47 -> 125.28 | H46: =SSQ_Results!S47 -> 86.02
D49: =COUNTIF(D3:D46, ">0") -> 33
D50: =COUNTIFS(D3:D46, ">0",B3:B46,"C") -> 19
D51: =COUNTIFS(D3:D46, ">0",B3:B46,"T") -> 14

Sheet SSQ Metadata
A1: SSQ Metadata
A2: Hier sind die SSQ Metadaten, die zur Berechnung der einzelnen SSQ-Kategorien verwendet werden (Quelle: https://conservancy.umn.edu/server/api/core/bitstreams/70c8fe0f-c84a-4d0e-80ba-b97822a5cf95/content) Diese Werte sollten nicht verändert werden! Falls die englische Version des SSQs verwendet wurde, können die "Item"-Bezeichnungen aber entsprechend angepasst werden.
A4: Item | B4: Value
A5: gar nicht | B5: 0
A6: kaum / mild | B6: 1
A7: mäßig | B7: 2
A8: (sehr) stark | B8: 3
A11: Weights
A12: N | B12: 9.54
A13: O | B13: 7.58
A14: D | B14: 13.92
A15: TS | B15: 3.74

Sheet SSQ_Raw
A1: SSQ RAW DATA
A2: Hier können die Rohdaten der SSQ-Antworten eingefügt werden. Die Anworttexte müssen übereinstimmen mit den Beschriftungen der Metadaten-Tabelle (in "SSQ-Metadata"). Bei der Anwendung des SSQs wird oft mithilfe einer Delta-Berechnung der vorher-nachher-Unterschied dargestellt. In dieser Tabelle können sowohl die vorher-Antworten (unter "SSQ-BEFORE") als auch die nahcher-Antworten ("SSQ-AFTER") eingefügt werden. Diese Tabelle unterstützt standardmäßig bis zu 100 Antworten. Falls mehr notwendig, muss die Tabelle unten entsprechend erweitert und die Formattierung übertragen werden.
A3: # | B3: SSQ-BEFORE | R3: SSQ-AFTER
A4: 1 | B4: gar nicht | C4: gar nicht | D4: gar nicht | E4: gar nicht | F4: gar nicht | G4: gar nicht | H4: gar nicht | I4: gar nicht | J4: gar nicht | K4: gar nicht | L4: gar nicht | M4: gar nicht | N4: gar nicht | O4: gar nicht | P4: gar nicht | Q4: gar nicht | R4: kaum / mild | S4: gar nicht | T4: gar nicht | U4: kaum / mild | V4: gar nicht | W4: gar nicht | X4: gar nicht | Y4: gar nicht | Z4: gar nicht | AA4: gar nicht | AB4: gar nicht | AC4: gar nicht | AD4: gar nicht | AE4: gar nicht | AF4: mäßig | AG4: gar nicht
A5: 2 | B5: gar nicht | C5: kaum / mild | D5: gar nicht | E5: gar nicht | F5: gar nicht | G5: gar nicht | H5: gar nicht | I5: gar nicht | J5: gar nicht | K5: gar nicht | L5: gar nicht | M5: gar nicht | N5: gar nicht | O5: gar nicht | P5: gar nicht | Q5: gar nicht | R5: kaum / mild | S5: mäßig | T5: mäßig | U5: (sehr) stark | V5: (sehr) stark | W5: gar nicht | X5: gar nicht | Y5: mäßig | Z5: mäßig | AA5: gar nicht | AB5: (sehr) stark | AC5: kaum / mild | AD5: mäßig | AE5: gar nicht | AF5: gar nicht | AG5: gar nicht
A6: 3 | B6: gar nicht | C6: kaum / mild | D6: gar nicht | E6: gar nicht | F6: gar nicht | G6: gar nicht | H6: gar nicht | I6: gar nicht | J6: gar nicht | K6: gar nicht | L6: gar nicht | M6: gar nicht | N6: gar nicht | O6: gar nicht | P6: gar nicht | Q6: gar nicht | R6: kaum / mild | S6: kaum / mild | T6: gar nicht | U6: kaum / mild | V6: gar nicht | W6: gar nicht | X6: gar nicht | Y6: gar nicht | Z6: gar nicht | AA6: kaum / mild | AB6: gar nicht | AC6: gar nicht | AD6: gar nicht | AE6: gar nicht | AF6: gar nicht | AG6: gar nicht
A7: 4 | B7: gar nicht | C7: gar nicht | D7: gar nicht | E7: gar nicht | F7: gar nicht | G7: gar nicht | H7: gar nicht | I7: gar nicht | J7: gar nicht | K7: gar nicht | L7: gar nicht | M7: gar nicht | N7: gar nicht | O7: gar nicht | P7: gar nicht | Q7: gar nicht | R7: gar nicht | S7: mäßig | T7: gar nicht | U7: gar nicht | V7: gar nicht | W7: gar nicht | X7: kaum / mild | Y7: mäßig | Z7: kaum / mild | AA7: kaum / mild | AB7: gar nicht | AC7: gar nicht | AD7: gar nicht | AE7: gar nicht | AF7: gar nicht | AG7: gar nicht
A8: 5 | B8: gar nicht | C8: mäßig | D8: gar nicht | E8: kaum / mild | F8: gar nicht | G8: gar nicht | H8: gar nicht | I8: gar nicht | J8: mäßig | K8: gar nicht | L8: gar nicht | M8: gar nicht | N8: gar nicht | O8: gar nicht | P8: gar nicht | Q8: gar nicht | R8: kaum / mild | S8: gar nicht | T8: kaum / mild | U8: kaum / mild | V8: gar nicht | W8: gar nicht | X8: gar nicht | Y8: gar nicht | Z8: gar nicht | AA8: mäßig | AB8: gar nicht | AC8: gar nicht | AD8: gar nicht | AE8: gar nicht | AF8: gar nicht | AG8: gar nicht
A9: 6 | B9: gar nicht | C9: mäßig | D9: gar nicht | E9: kaum / mild | F9: mäßig | G9: gar nicht | H9: mäßig | I9: gar nicht | J9: mäßig | K9: kaum / mild | L9: kaum / mild | M9: gar nicht | N9: gar nicht | O9: gar nicht | P9: gar nicht | Q9: gar nicht | R9: kaum / mild | S9: kaum / mild | T9: mäßig | U9: mäßig | V9: mäßig | W9: gar nicht | X9: gar nicht | Y9: gar nicht | Z9: kaum / mild | AA9: (sehr) stark | AB9: mäßig | AC9: gar nicht | AD9: gar nicht | AE9: gar nicht | AF9: gar nicht | AG9: gar nicht
A10: 7 | B10: gar nicht | C10: mäßig | D10: gar nicht | E10: kaum / mild | F10: gar nicht | G10: gar nicht | H10: gar nicht | I10: gar nicht | J10: gar nicht | K10: gar nicht | L10: kaum / mild | M10: gar nicht | N10: gar nicht | O10: gar nicht | P10: gar nicht | Q10: gar nicht | R10: gar nicht | S10: mäßig | T10: gar nicht | U10: mäßig | V10: kaum / mild | W10: gar nicht | X10: gar nicht | Y10: gar nicht | Z10: kaum / mild | AA10: gar nicht | AB10: kaum / mild | AC10: mäßig | AD10: kaum / mild | AE10: gar nicht | AF10: gar nicht | AG10: gar nicht
A11: 8 | B11: gar nicht | C11: gar nicht | D11: gar nicht | E11: gar nicht | F11: gar nicht | G11: gar nicht | H11: gar nicht | I11: gar nicht | J11: gar nicht | K11: gar nicht | L11: gar nicht | M11: gar nicht | N11: gar nicht | O11: gar nicht | P11: gar nicht | Q11: gar nicht | R11: kaum / mild | S11: gar nicht | T11: gar nicht | U11: mäßig | V11: gar nicht | W11: gar nicht | X11: gar nicht | Y11: gar nicht | Z11: gar nicht | AA11: kaum / mild | AB11: gar nicht | AC11: gar nicht | AD11: gar nicht | AE11: gar nicht | AF11: gar nicht | AG11: gar nicht
A12: 9 | B12: gar nicht | C12: gar nicht | D12: gar nicht | E12: gar nicht | F12: gar nicht | G12: gar nicht | H12: gar nicht | I12: gar nicht | J12: gar nicht | K12: gar nicht | L12: gar nicht | M12: gar nicht | N12: gar nicht | O12: gar nicht | P12: gar nicht | Q12: gar nicht | R12: mäßig | S12: (sehr) stark | T12: (sehr) stark | U12: (sehr) stark | V12: mäßig | W12: gar nicht | X12: gar nicht | Y12: kaum / mild | Z12: mäßig | AA12: mäßig | AB12: (sehr) stark | AC12: mäßig | AD12: kaum / mild | AE12: gar nicht | AF12: kaum / mild | AG12: gar nicht
A13: 10 | B13: gar nicht | C13: gar nicht | D13: gar nicht | E13: gar nicht | F13: gar nicht | G13: gar nicht | H13: gar nicht | I13: gar nicht | J13: gar nicht | K13: gar nicht | L13: gar nicht | M13: gar nicht | N13: gar nicht | O13: gar nicht | P13: gar nicht | Q13: gar nicht | R13: kaum / mild | S13: gar nicht | T13: gar nicht | U13: gar nicht | V13: gar nicht | W13: gar nicht | X13: gar nicht | Y13: gar nicht | Z13: gar nicht | AA13: kaum / mild | AB13: gar nicht | AC13: gar nicht | AD13: gar nicht | AE13: gar nicht | AF13: gar nicht | AG13: gar nicht
A14: 11 | B14: kaum / mild | C14: mäßig | D14: gar nicht | E14: gar nicht | F14: gar nicht | G14: gar nicht | H14: mäßig | I14: gar nicht | J14: kaum / mild | K14: gar nicht | L14: gar nicht | M14: gar nicht | N14: gar nicht | O14: gar nicht | P14: gar nicht | Q14: gar nicht | R14: (sehr) stark | S14: (sehr) stark | T14: gar nicht | U14: (sehr) stark | V14: (sehr) stark | W14: kaum / mild | X14: gar nicht | Y14: mäßig | Z14: kaum / mild | AA14: gar nicht | AB14: gar nicht | AC14: gar nicht | AD14: gar nicht | AE14: gar nicht | AF14: gar nicht | AG14: gar nicht
A15: 12 | B15: gar nicht | C15: kaum / mild | D15: gar nicht | E15: gar nicht | F15: gar nicht | G15: kaum / mild | H15: gar nicht | I15: gar nicht | J15: gar nicht | K15: gar nicht | L15: gar nicht | M15: gar nicht | N15: gar nicht | O15: kaum / mild | P15: gar nicht | Q15: kaum / mild | R15: gar nicht | S15: kaum / mild | T15: gar nicht | U15: gar nicht | V15: gar nicht | W15: kaum / mild | X15: gar nicht | Y15: gar nicht | Z15: gar nicht | AA15: kaum / mild | AB15: gar nicht | AC15: gar nicht | AD15: gar nicht | AE15: kaum / mild | AF15: gar nicht | AG15: kaum / mild
... A47: 44 | B47: kaum / mild | C47: mäßig | D47: kaum / mild | E47: kaum / mild | F47: kaum / mild | G47: gar nicht | H47: gar nicht | I47: gar nicht | J47: kaum / mild | K47: kaum / mild | L47: gar nicht | M47: gar nicht | N47: gar nicht | O47: gar nicht | P47: gar nicht | Q47: gar nicht | R47: (sehr) stark | S47: kaum / mild | T47: kaum / mild | U47: (sehr) stark | V47: kaum / mild | W47: gar nicht | X47: gar nicht | Y47: (sehr) stark | Z47: mäßig | AA47: kaum / mild | AB47: kaum / mild | AC47: mäßig | AD47: (sehr) stark | AE47: gar nicht | AF47: (sehr) stark | AG47: gar nicht
A48: 45
A49: 46
A50: 47
A51: 48
A52: 49
A53: 50
A54: 51
A55: 52
A56: 53
A57: 54
A58: 55
A59: 56
... A103: 100

Sheet SSQ_Intermediate
A1: SSQ RAW DATA
A2: Hier nichts verändern! Diese Tabelle wandelt die Antworten unter "SSQ_Raw" in numerische Werte um, die für die weitere Berechnung verwendet werden.
A3: # | B3: SSQ-BEFORE | R3: SSQ-AFTER | AH3: TN-CODE
A4: 1 | B4: =_xlfn.XLOOKUP(SSQ_Raw!B4,'SSQ Metadata'!$A$5:$A$8,'SSQ Metadata'!$B$5:$B$8) -> 0 | C4: =_xlfn.XLOOKUP(SSQ_Raw!C4,'SSQ Metadata'!$A$5:$A$8,'SSQ Metadata'!$B$5:$B$8) -> 0 | D4: =_xlfn.XLOOKUP(SSQ_Raw!D4,'SSQ Metadata'!$A$5:$A$8,'SSQ Metadata'!$B$5:$B$8) -> 0 | E4: =_xlfn.XLOOKUP(SSQ_Raw!E4,'SSQ Metadata'!$A$5:$A$8,'SSQ Metadata'!$B$5:$B$8) -> 0 | F4: =_xlfn.XLOOKUP(SSQ_Raw!F4,'SSQ Metadata'!$A$5:$A$8,'SSQ Metadata'!$B$5:$B$8) -> 0 | G4: =_xlfn.XLOOKUP(SSQ_Raw!G4,'SSQ Metadata'!$A$5:$A$8,'SSQ Metadata'!$B$5:$B$8) -> 0 | H4: =_xlfn.XLOOKUP(SSQ_Raw!H4,'SSQ Metadata'!$A$5:$A$8,'SSQ Metadata'!$B$5:$B$8) -> 0 | I4: =_xlfn.XLOOKUP(SSQ_Raw!I4,'SSQ Metadata'!$A$5:$A$8,'SSQ Metadata'!$B$5:$B$8) -> 0 | ... AG4: =_xlfn.XLOOKUP(SSQ_Raw!AG4,'SSQ Metadata'!$A$5:$A$8,'SSQ Metadata'!$B$5:$B$8) -> 0 | AH4: 4I9W4
A5: 2 | B5: =_xlfn.XLOOKUP(SSQ_Raw!B5,'SSQ Metadata'!$A$5:$A$8,'SSQ Metadata'!$B$5:$B$8) -> 0 | C5: =_xlfn.XLOOKUP(SSQ_Raw!C5,'SSQ Metadata'!$A$5:$A$8,'SSQ Metadata'!$B$5:$B$8) -> 1 | D5: =_xlfn.XLOOKUP(SSQ_Raw!D5,'SSQ Metadata'!$A$5:$A$8,'SSQ Metadata'!$B$5:$B$8) -> 0 | E5: =_xlfn.XLOOKUP(SSQ_Raw!E5,'SSQ Metadata'!$A$5:$A$8,'SSQ Metadata'!$B$5:$B$8) -> 0 | F5: =_xlfn.XLOOKUP(SSQ_Raw!F5,'SSQ Metadata'!$A$5:$A$8,'SSQ Metadata'!$B$5:$B$8) -> 0 | G5: =_xlfn.XLOOKUP(SSQ_Raw!G5,'SSQ Metadata'!$A$5:$A$8,'SSQ Metadata'!$B$5:$B$8) -> 0 | H5: =_xlfn.XLOOKUP(SSQ_Raw!H5,'SSQ Metadata'!$A$5:$A$8,'SSQ Metadata'!$B$5:$B$8) -> 0 | I5: =_xlfn.XLOOKUP(SSQ_Raw!I5,'SSQ Metadata'!$A$5:$A$8,'SSQ Metadata'!$B$5:$B$8) -> 0 | ... AG5: =_xlfn.XLOOKUP(SSQ_Raw!AG5,'SSQ Metadata'!$A$5:$A$8,'SSQ Metadata'!$B$5:$B$8) -> 0 | AH5: ME31A
A6: 3 | B6: =_xlfn.XLOOKUP(SSQ_Raw!B6,'SSQ Metadata'!$A$5:$A$8,'SSQ Metadata'!$B$5:$B$8) -> 0 | C6: =_xlfn.XLOOKUP(SSQ_Raw!C6,'SSQ Metadata'!$A$5:$A$8,'SSQ Metadata'!$B$5:$B$8) -> 1 | D6: =_xlfn.XLOOKUP(SSQ_Raw!D6,'SSQ Metadata'!$A$5:$A$8,'SSQ Metadata'!$B$5:$B$8) -> 0 | E6: =_xlfn.XLOOKUP(SSQ_Raw!E6,'SSQ Metadata'!$A$5:$A$8,'SSQ Metadata'!$B$5:$B$8) -> 0 | F6: =_xlfn.XLOOKUP(SSQ_Raw!F6,'SSQ Metadata'!$A$5:$A$8,'SSQ Metadata'!$B$5:$B$8) -> 0 | G6: =_xlfn.XLOOKUP(SSQ_Raw!G6,'SSQ Metadata'!$A$5:$A$8,'SSQ Metadata'!$B$5:$B$8) -> 0 | H6: =_xlfn.XLOOKUP(SSQ_Raw!H6,'SSQ Metadata'!$A$5:$A$8,'SSQ Metadata'!$B$5:$B$8) -> 0 | I6: =_xlfn.XLOOKUP(SSQ_Raw!I6,'SSQ Metadata'!$A$5:$A$8,'SSQ Metadata'!$B$5:$B$8) -> 0 | ... AG6: =_xlfn.XLOOKUP(SSQ_Raw!AG6,'SSQ Metadata'!$A$5:$A$8,'SSQ Metadata'!$B$5:$B$8) -> 0 | AH6: UY5WK
A7: 4 | B7: =_xlfn.XLOOKUP(SSQ_Raw!B7,'SSQ Metadata'!$A$5:$A$8,'SSQ Metadata'!$B$5:$B$8) -> 0 | C7: =_xlfn.XLOOKUP(SSQ_Raw!C7,'SSQ Metadata'!$A$5:$A$8,'SSQ Metadata'!$B$5:$B$8) -> 0 | D7: =_xlfn.XLOOKUP(SSQ_Raw!D7,'SSQ Metadata'!$A$5:$A$8,'SSQ Metadata'!$B$5:$B$8) -> 0 | E7: =_xlfn.XLOOKUP(SSQ_Raw!E7,'SSQ Metadata'!$A$5:$A$8,'SSQ Metadata'!$B$5:$B$8) -> 0 | F7: =_xlfn.XLOOKUP(SSQ_Raw!F7,'SSQ Metadata'!$A$5:$A$8,'SSQ Metadata'!$B$5:$B$8) -> 0 | G7: =_xlfn.XLOOKUP(SSQ_Raw!G7,'SSQ Metadata'!$A$5:$A$8,'SSQ Metadata'!$B$5:$B$8) -> 0 | H7: =_xlfn.XLOOKUP(SSQ_Raw!H7,'SSQ Metadata'!$A$5:$A$8,'SSQ Metadata'!$B$5:$B$8) -> 0 | I7: =_xlfn.XLOOKUP(SSQ_Raw!I7,'SSQ Metadata'!$A$5:$A$8,'SSQ Metadata'!$B$5:$B$8) -> 0 | ... AG7: =_xlfn.XLOOKUP(SSQ_Raw!AG7,'SSQ Metadata'!$A$5:$A$8,'SSQ Metadata'!$B$5:$B$8) -> 0 | AH7: XFNKY
A8: 5 | B8: =_xlfn.XLOOKUP(SSQ_Raw!B8,'SSQ Metadata'!$A$5:$A$8,'SSQ Metadata'!$B$5:$B$8) -> 0 | C8: =_xlfn.XLOOKUP(SSQ_Raw!C8,'SSQ Metadata'!$A$5:$A$8,'SSQ Metadata'!$B$5:$B$8) -> 2 | D8: =_xlfn.XLOOKUP(SSQ_Raw!D8,'SSQ Metadata'!$A$5:$A$8,'SSQ Metadata'!$B$5:$B$8) -> 0 | E8: =_xlfn.XLOOKUP(SSQ_Raw!E8,'SSQ Metadata'!$A$5:$A$8,'SSQ Metadata'!$B$5:$B$8) -> 1 | F8: =_xlfn.XLOOKUP(SSQ_Raw!F8,'SSQ Metadata'!$A$5:$A$8,'SSQ Metadata'!$B$5:$B$8) -> 0 | G8: =_xlfn.XLOOKUP(SSQ_Raw!G8,'SSQ Metadata'!$A$5:$A$8,'SSQ Metadata'!$B$5:$B$8) -> 0 | H8: =_xlfn.XLOOKUP(SSQ_Raw!H8,'SSQ Metadata'!$A$5:$A$8,'SSQ Metadata'!$B$5:$B$8) -> 0 | I8: =_xlfn.XLOOKUP(SSQ_Raw!I8,'SSQ Metadata'!$A$5:$A$8,'SSQ Metadata'!$B$5:$B$8) -> 0 | ... AG8: =_xlfn.XLOOKUP(SSQ_Raw!AG8,'SSQ Metadata'!$A$5:$A$8,'SSQ Metadata'!$B$5:$B$8) -> 0 | AH8: DCNC9
A9: 6 | B9: =_xlfn.XLOOKUP(SSQ_Raw!B9,'SSQ Metadata'!$A$5:$A$8,'SSQ Metadata'!$B$5:$B$8) -> 0 | C9: =_xlfn.XLOOKUP(SSQ_Raw!C9,'SSQ Metadata'!$A$5:$A$8,'SSQ Metadata'!$B$5:$B$8) -> 2 | D9: =_xlfn.XLOOKUP(SSQ_Raw!D9,'SSQ Metadata'!$A$5:$A$8,'SSQ Metadata'!$B$5:$B$8) -> 0 | E9: =_xlfn.XLOOKUP(SSQ_Raw!E9,'SSQ Metadata'!$A$5:$A$8,'SSQ Metadata'!$B$5:$B$8) -> 1 | F9: =_xlfn.XLOOKUP(SSQ_Raw!F9,'SSQ Metadata'!$A$5:$A$8,'SSQ Metadata'!$B$5:$B$8) -> 2 | G9: =_xlfn.XLOOKUP(SSQ_Raw!G9,'SSQ Metadata'!$A$5:$A$8,'SSQ Metadata'!$B$5:$B$8) -> 0 | H9: =_xlfn.XLOOKUP(SSQ_Raw!H9,'SSQ Metadata'!$A$5:$A$8,'SSQ Metadata'!$B$5:$B$8) -> 2 | I9: =_xlfn.XLOOKUP(SSQ_Raw!I9,'SSQ Metadata'!$A$5:$A$8,'SSQ Metadata'!$B$5:$B$8) -> 0 | ... AG9: =_xlfn.XLOOKUP(SSQ_Raw!AG9,'SSQ Metadata'!$A$5:$A$8,'SSQ Metadata'!$B$5:$B$8) -> 0 | AH9: TZ4DI
A10: 7 | B10: =_xlfn.XLOOKUP(SSQ_Raw!B10,'SSQ Metadata'!$A$5:$A$8,'SSQ Metadata'!$B$5:$B$8) -> 0 | C10: =_xlfn.XLOOKUP(SSQ_Raw!C10,'SSQ Metadata'!$A$5:$A$8,'SSQ Metadata'!$B$5:$B$8) -> 2 | D10: =_xlfn.XLOOKUP(SSQ_Raw!D10,'SSQ Metadata'!$A$5:$A$8,'SSQ Metadata'!$B$5:$B$8) -> 0 | E10: =_xlfn.XLOOKUP(SSQ_Raw!E10,'SSQ Metadata'!$A$5:$A$8,'SSQ Metadata'!$B$5:$B$8) -> 1 | F10: =_xlfn.XLOOKUP(SSQ_Raw!F10,'SSQ Metadata'!$A$5:$A$8,'SSQ Metadata'!$B$5:$B$8) -> 0 | G10: =_xlfn.XLOOKUP(SSQ_Raw!G10,'SSQ Metadata'!$A$5:$A$8,'SSQ Metadata'!$B$5:$B$8) -> 0 | H10: =_xlfn.XLOOKUP(SSQ_Raw!H10,'SSQ Metadata'!$A$5:$A$8,'SSQ Metadata'!$B$5:$B$8) -> 0 | I10: =_xlfn.XLOOKUP(SSQ_Raw!I10,'SSQ Metadata'!$A$5:$A$8,'SSQ Metadata'!$B$5:$B$8) -> 0 | ... AG10: =_xlfn.XLOOKUP(SSQ_Raw!AG10,'SSQ Metadata'!$A$5:$A$8,'SSQ Metadata'!$B$5:$B$8) -> 0 | AH10: 1SMHB
A11: 8 | B11: =_xlfn.XLOOKUP(SSQ_Raw!B11,'SSQ Metadata'!$A$5:$A$8,'SSQ Metadata'!$B$5:$B$8) -> 0 | C11: =_xlfn.XLOOKUP(SSQ_Raw!C11,'SSQ Metadata'!$A$5:$A$8,'SSQ Metadata'!$B$5:$B$8) -> 0 | D11: =_xlfn.XLOOKUP(SSQ_Raw!D11,'SSQ Metadata'!$A$5:$A$8,'SSQ Metadata'!$B$5:$B$8) -> 0 | E11: =_xlfn.XLOOKUP(SSQ_Raw!E11,'SSQ Metadata'!$A$5:$A$8,'SSQ Metadata'!$B$5:$B$8) -> 0 | F11: =_xlfn.XLOOKUP(SSQ_Raw!F11,'SSQ Metadata'!$A$5:$A$8,'SSQ Metadata'!$B$5:$B$8) -> 0 | G11: =_xlfn.XLOOKUP(SSQ_Raw!G11,'SSQ Metadata'!$A$5:$A$8,'SSQ Metadata'!$B$5:$B$8) -> 0 | H11: =_xlfn.XLOOKUP(SSQ_Raw!H11,'SSQ Metadata'!$A$5:$A$8,'SSQ Metadata'!$B$5:$B$8) -> 0 | I11: =_xlfn.XLOOKUP(SSQ_Raw!I11,'SSQ Metadata'!$A$5:$A$8,'SSQ Metadata'!$B$5:$B$8) -> 0 | ... AG11: =_xlfn.XLOOKUP(SSQ_Raw!AG11,'SSQ Metadata'!$A$5:$A$8,'SSQ Metadata'!$B$5:$B$8) -> 0 | AH11: 34K8Q
A12: 9 | B12: =_xlfn.XLOOKUP(SSQ_Raw!B12,'SSQ Metadata'!$A$5:$A$8,'SSQ Metadata'!$B$5:$B$8) -> 0 | C12: =_xlfn.XLOOKUP(SSQ_Raw!C12,'SSQ Metadata'!$A$5:$A$8,'SSQ Metadata'!$B$5:$B$8) -> 0 | D12: =_xlfn.XLOOKUP(SSQ_Raw!D12,'SSQ Metadata'!$A$5:$A$8,'SSQ Metadata'!$B$5:$B$8) -> 0 | E12: =_xlfn.XLOOKUP(SSQ_Raw!E12,'SSQ Metadata'!$A$5:$A$8,'SSQ Metadata'!$B$5:$B$8) -> 0 | F12: =_xlfn.XLOOKUP(SSQ_Raw!F12,'SSQ Metadata'!$A$5:$A$8,'SSQ Metadata'!$B$5:$B$8) -> 0 | G12: =_xlfn.XLOOKUP(SSQ_Raw!G12,'SSQ Metadata'!$A$5:$A$8,'SSQ Metadata'!$B$5:$B$8) -> 0 | H12: =_xlfn.XLOOKUP(SSQ_Raw!H12,'SSQ Metadata'!$A$5:$A$8,'SSQ Metadata'!$B$5:$B$8) -> 0 | I12: =_xlfn.XLOOKUP(SSQ_Raw!I12,'SSQ Metadata'!$A$5:$A$8,'SSQ Metadata'!$B$5:$B$8) -> 0 | ... AG12: =_xlfn.XLOOKUP(SSQ_Raw!AG12,'SSQ Metadata'!$A$5:$A$8,'SSQ Metadata'!$B$5:$B$8) -> 0 | AH12: 5OU3R
A13: 10 | B13: =_xlfn.XLOOKUP(SSQ_Raw!B13,'SSQ Metadata'!$A$5:$A$8,'SSQ Metadata'!$B$5:$B$8) -> 0 | C13: =_xlfn.XLOOKUP(SSQ_Raw!C13,'SSQ Metadata'!$A$5:$A$8,'SSQ Metadata'!$B$5:$B$8) -> 0 | D13: =_xlfn.XLOOKUP(SSQ_Raw!D13,'SSQ Metadata'!$A$5:$A$8,'SSQ Metadata'!$B$5:$B$8) -> 0 | E13: =_xlfn.XLOOKUP(SSQ_Raw!E13,'SSQ Metadata'!$A$5:$A$8,'SSQ Metadata'!$B$5:$B$8) -> 0 | F13: =_xlfn.XLOOKUP(SSQ_Raw!F13,'SSQ Metadata'!$A$5:$A$8,'SSQ Metadata'!$B$5:$B$8) -> 0 | G13: =_xlfn.XLOOKUP(SSQ_Raw!G13,'SSQ Metadata'!$A$5:$A$8,'SSQ Metadata'!$B$5:$B$8) -> 0 | H13: =_xlfn.XLOOKUP(SSQ_Raw!H13,'SSQ Metadata'!$A$5:$A$8,'SSQ Metadata'!$B$5:$B$8) -> 0 | I13: =_xlfn.XLOOKUP(SSQ_Raw!I13,'SSQ Metadata'!$A$5:$A$8,'SSQ Metadata'!$B$5:$B$8) -> 0 | ... AG13: =_xlfn.XLOOKUP(SSQ_Raw!AG13,'SSQ Metadata'!$A$5:$A$8,'SSQ Metadata'!$B$5:$B$8) -> 0 | AH13: 06L7T
A14: 11 | B14: =_xlfn.XLOOKUP(SSQ_Raw!B14,'SSQ Metadata'!$A$5:$A$8,'SSQ Metadata'!$B$5:$B$8) -> 1 | C14: =_xlfn.XLOOKUP(SSQ_Raw!C14,'SSQ Metadata'!$A$5:$A$8,'SSQ Metadata'!$B$5:$B$8) -> 2 | D14: =_xlfn.XLOOKUP(SSQ_Raw!D14,'SSQ Metadata'!$A$5:$A$8,'SSQ Metadata'!$B$5:$B$8) -> 0 | E14: =_xlfn.XLOOKUP(SSQ_Raw!E14,'SSQ Metadata'!$A$5:$A$8,'SSQ Metadata'!$B$5:$B$8) -> 0 | F14: =_xlfn.XLOOKUP(SSQ_Raw!F14,'SSQ Metadata'!$A$5:$A$8,'SSQ Metadata'!$B$5:$B$8) -> 0 | G14: =_xlfn.XLOOKUP(SSQ_Raw!G14,'SSQ Metadata'!$A$5:$A$8,'SSQ Metadata'!$B$5:$B$8) -> 0 | H14: =_xlfn.XLOOKUP(SSQ_Raw!H14,'SSQ Metadata'!$A$5:$A$8,'SSQ Metadata'!$B$5:$B$8) -> 2 | I14: =_xlfn.XLOOKUP(SSQ_Raw!I14,'SSQ Metadata'!$A$5:$A$8,'SSQ Metadata'!$B$5:$B$8) -> 0 | ... AG14: =_xlfn.XLOOKUP(SSQ_Raw!AG14,'SSQ Metadata'!$A$5:$A$8,'SSQ Metadata'!$B$5:$B$8) -> 0 | AH14: L3Z7S
A15: 12 | B15: =_xlfn.XLOOKUP(SSQ_Raw!B15,'SSQ Metadata'!$A$5:$A$8,'SSQ Metadata'!$B$5:$B$8) -> 0 | C15: =_xlfn.XLOOKUP(SSQ_Raw!C15,'SSQ Metadata'!$A$5:$A$8,'SSQ Metadata'!$B$5:$B$8) -> 1 | D15: =_xlfn.XLOOKUP(SSQ_Raw!D15,'SSQ Metadata'!$A$5:$A$8,'SSQ Metadata'!$B$5:$B$8) -> 0 | E15: =_xlfn.XLOOKUP(SSQ_Raw!E15,'SSQ Metadata'!$A$5:$A$8,'SSQ Metadata'!$B$5:$B$8) -> 0 | F15: =_xlfn.XLOOKUP(SSQ_Raw!F15,'SSQ Metadata'!$A$5:$A$8,'SSQ Metadata'!$B$5:$B$8) -> 0 | G15: =_xlfn.XLOOKUP(SSQ_Raw!G15,'SSQ Metadata'!$A$5:$A$8,'SSQ Metadata'!$B$5:$B$8) -> 1 | H15: =_xlfn.XLOOKUP(SSQ_Raw!H15,'SSQ Metadata'!$A$5:$A$8,'SSQ Metadata'!$B$5:$B$8) -> 0 | I15: =_xlfn.XLOOKUP(SSQ_Raw!I15,'SSQ Metadata'!$A$5:$A$8,'SSQ Metadata'!$B$5:$B$8) -> 0 | ... AG15: =_xlfn.XLOOKUP(SSQ_Raw!AG15,'SSQ Metadata'!$A$5:$A$8,'SSQ Metadata'!$B$5:$B$8) -> 1 | AH15: FZW2P
... A47: 44 | B47: =_xlfn.XLOOKUP(SSQ_Raw!B47,'SSQ Metadata'!$A$5:$A$8,'SSQ Metadata'!$B$5:$B$8) -> 1 | C47: =_xlfn.XLOOKUP(SSQ_Raw!C47,'SSQ Metadata'!$A$5:$A$8,'SSQ Metadata'!$B$5:$B$8) -> 2 | D47: =_xlfn.XLOOKUP(SSQ_Raw!D47,'SSQ Metadata'!$A$5:$A$8,'SSQ Metadata'!$B$5:$B$8) -> 1 | E47: =_xlfn.XLOOKUP(SSQ_Raw!E47,'SSQ Metadata'!$A$5:$A$8,'SSQ Metadata'!$B$5:$B$8) -> 1 | F47: =_xlfn.XLOOKUP(SSQ_Raw!F47,'SSQ Metadata'!$A$5:$A$8,'SSQ Metadata'!$B$5:$B$8) -> 1 | G47: =_xlfn.XLOOKUP(SSQ_Raw!G47,'SSQ Metadata'!$A$5:$A$8,'SSQ Metadata'!$B$5:$B$8) -> 0 | H47: =_xlfn.XLOOKUP(SSQ_Raw!H47,'SSQ Metadata'!$A$5:$A$8,'SSQ Metadata'!$B$5:$B$8) -> 0 | I47: =_xlfn.XLOOKUP(SSQ_Raw!I47,'SSQ Metadata'!$A$5:$A$8,'SSQ Metadata'!$B$5:$B$8) -> 0 | ... AG47: =_xlfn.XLOOKUP(SSQ_Raw!AG47,'SSQ Metadata'!$A$5:$A$8,'SSQ Metadata'!$B$5:$B$8) -> 0 | AH47: X4N1R
A48: 45
A49: 46
A50: 47
A51: 48
A52: 49
A53: 50
A54: 51
A55: 52
A56: 53
A57: 54
A58: 55
A59: 56
... A103: 100

Sheet SSQ_Results
A1: SSQ Results
A2: Hier werden die Ergebnisse final ausgewertet. Für jede der drei Kategorien (Nausea, Occolomotor, Disorientation) werden Rohwerte (vorher und nachher), sowie gewichtete Werte (vorher und nachher), anhand der entsprechenden Gewichtung in "SSQ Metadata", berechnet. Beispiel zum Lesen der Spaltenüberschriften: NB_RAW=Nausea,Before_Rohwert; NA_RAW=Nausea,After_Rohwert; NB_W=Nausea,Before_Weighted; NA_W=Nausea,After_Weighted (weitere Tabellenüberschriften analog dazu für die Kategorien Occolomotor, Disorientation, Total Score). Falls kein vorher-nachher Bild erstellt werden soll und nur eine Erhebung des SSQs stattfand, bleiben die Nachher- und Delta-Spalten leer. Dann sind nur die Spalten NB_W, OB_W, DB_W und TSB_W relevant.
A3: # | B3: NB_RAW | C3: NA_RAW | D3: NB_W | E3: NA_W | F3: OB_RAW | G3: OA_RAW | H3: OB_W | I3: OA_W | J3: DB_RAW | K3: DA_RAW | L3: DB_W | M3: DA_W | N3: TSB_W | O3: TSA_W | P3: ΔN | Q3: ΔO | R3: ΔD | S3: Δ-Total
A4: 1 | B4: =SSQ_Intermediate!B4+SSQ_Intermediate!G4+SSQ_Intermediate!H4+SSQ_Intermediate!I4+SSQ_Intermediate!J4+SSQ_Intermediate!P4+SSQ_Intermediate!Q4 -> 0 | C4: =IF(AND(SSQ_Intermediate!R4="",SSQ_Intermediate!W4="",SSQ_Intermediate!X4="",SSQ_Intermediate!Y4="",SSQ_Intermediate!Z4="",SSQ_Intermediate!AF4="",SSQ_Intermediate!AG4=""),"",SUM(SSQ_Intermediate!R4,SSQ_Intermediate!W4,SSQ_Intermediate!X4,SSQ_Intermediate!Y4,SSQ_Intermediate!Z4,SSQ_Intermediate!AF4,SSQ_Intermediate!AG4)) -> 3 | D4: =B4*'SSQ Metadata'!$B$12 -> 0 | E4: =IF(C4="","",C4*'SSQ Metadata'!$B$12) -> 28.62 | F4: =SSQ_Intermediate!B4+SSQ_Intermediate!C4+SSQ_Intermediate!D4+SSQ_Intermediate!E4+SSQ_Intermediate!F4+SSQ_Intermediate!J4+SSQ_Intermediate!L4 -> 0 | G4: =IF(AND(SSQ_Intermediate!R4="",SSQ_Intermediate!S4="",SSQ_Intermediate!T4="",SSQ_Intermediate!U4="",SSQ_Intermediate!V4="",SSQ_Intermediate!Z4="",SSQ_Intermediate!AB4=""),"",SUM(SSQ_Intermediate!R4,SSQ_Intermediate!S4,SSQ_Intermediate!T4,SSQ_Intermediate!U4,SSQ_Intermediate!V4,SSQ_Intermediate!Z4,SSQ_Intermediate!AB4)) -> 2 | H4: =F4*'SSQ Metadata'!$B$13 -> 0 | I4: =IF(G4="","",G4*'SSQ Metadata'!$B$13) -> 15.16 | J4: =SSQ_Intermediate!F4+SSQ_Intermediate!I4+SSQ_Intermediate!K4+SSQ_Intermediate!L4+SSQ_Intermediate!M4+SSQ_Intermediate!N4+SSQ_Intermediate!O4 -> 0 | K4: =IF(AND(SSQ_Intermediate!V4="",SSQ_Intermediate!Y4="",SSQ_Intermediate!AA4="",SSQ_Intermediate!AB4="",SSQ_Intermediate!AC4="",SSQ_Intermediate!AD4="",SSQ_Intermediate!AE4=""),"",SUM(SSQ_Intermediate!V4,SSQ_Intermediate!Y4,SSQ_Intermediate!AA4,SSQ_Intermediate!AB4,SSQ_Intermediate!AC4,SSQ_Intermediate!AD4,SSQ_Intermediate!AE4)) -> 0 | L4: =J4*'SSQ Metadata'!$B$14 -> 0 | M4: =IF(K4="","",K4*'SSQ Metadata'!$B$14) -> 0 | N4: =(B4+F4+J4)*'SSQ Metadata'!$B$15 -> 0 | O4: =IF(AND(C4="",G4="",K4=""),"",(C4+G4+K4)*'SSQ Metadata'!$B$15) -> 18.7 | P4: =IF(E4="","",E4-D4) -> 28.62 | Q4: =IF(I4="","",I4-H4) -> 15.16 | R4: =IF(M4="","",M4-L4) -> 0 | S4: =IF(O4="","",O4-N4) -> 18.7
A5: 2 | B5: =SSQ_Intermediate!B5+SSQ_Intermediate!G5+SSQ_Intermediate!H5+SSQ_Intermediate!I5+SSQ_Intermediate!J5+SSQ_Intermediate!P5+SSQ_Intermediate!Q5 -> 0 | C5: =IF(AND(SSQ_Intermediate!R5="",SSQ_Intermediate!W5="",SSQ_Intermediate!X5="",SSQ_Intermediate!Y5="",SSQ_Intermediate!Z5="",SSQ_Intermediate!AF5="",SSQ_Intermediate!AG5=""),"",SUM(SSQ_Intermediate!R5,SSQ_Intermediate!W5,SSQ_Intermediate!X5,SSQ_Intermediate!Y5,SSQ_Intermediate!Z5,SSQ_Intermediate!AF5,SSQ_Intermediate!AG5)) -> 5 | D5: =B5*'SSQ Metadata'!$B$12 -> 0 | E5: =IF(C5="","",C5*'SSQ Metadata'!$B$12) -> 47.7 | F5: =SSQ_Intermediate!B5+SSQ_Intermediate!C5+SSQ_Intermediate!D5+SSQ_Intermediate!E5+SSQ_Intermediate!F5+SSQ_Intermediate!J5+SSQ_Intermediate!L5 -> 1 | G5: =IF(AND(SSQ_Intermediate!R5="",SSQ_Intermediate!S5="",SSQ_Intermediate!T5="",SSQ_Intermediate!U5="",SSQ_Intermediate!V5="",SSQ_Intermediate!Z5="",SSQ_Intermediate!AB5=""),"",SUM(SSQ_Intermediate!R5,SSQ_Intermediate!S5,SSQ_Intermediate!T5,SSQ_Intermediate!U5,SSQ_Intermediate!V5,SSQ_Intermediate!Z5,SSQ_Intermediate!AB5)) -> 16 | H5: =F5*'SSQ Metadata'!$B$13 -> 7.58 | I5: =IF(G5="","",G5*'SSQ Metadata'!$B$13) -> 121.28 | J5: =SSQ_Intermediate!F5+SSQ_Intermediate!I5+SSQ_Intermediate!K5+SSQ_Intermediate!L5+SSQ_Intermediate!M5+SSQ_Intermediate!N5+SSQ_Intermediate!O5 -> 0 | K5: =IF(AND(SSQ_Intermediate!V5="",SSQ_Intermediate!Y5="",SSQ_Intermediate!AA5="",SSQ_Intermediate!AB5="",SSQ_Intermediate!AC5="",SSQ_Intermediate!AD5="",SSQ_Intermediate!AE5=""),"",SUM(SSQ_Intermediate!V5,SSQ_Intermediate!Y5,SSQ_Intermediate!AA5,SSQ_Intermediate!AB5,SSQ_Intermediate!AC5,SSQ_Intermediate!AD5,SSQ_Intermediate!AE5)) -> 11 | L5: =J5*'SSQ Metadata'!$B$14 -> 0 | M5: =IF(K5="","",K5*'SSQ Metadata'!$B$14) -> 153.12 | N5: =(B5+F5+J5)*'SSQ Metadata'!$B$15 -> 3.74 | O5: =IF(AND(C5="",G5="",K5=""),"",(C5+G5+K5)*'SSQ Metadata'!$B$15) -> 119.68 | P5: =IF(E5="","",E5-D5) -> 47.7 | Q5: =IF(I5="","",I5-H5) -> 113.7 | R5: =IF(M5="","",M5-L5) -> 153.12 | S5: =IF(O5="","",O5-N5) -> 115.94
A6: 3 | B6: =SSQ_Intermediate!B6+SSQ_Intermediate!G6+SSQ_Intermediate!H6+SSQ_Intermediate!I6+SSQ_Intermediate!J6+SSQ_Intermediate!P6+SSQ_Intermediate!Q6 -> 0 | C6: =IF(AND(SSQ_Intermediate!R6="",SSQ_Intermediate!W6="",SSQ_Intermediate!X6="",SSQ_Intermediate!Y6="",SSQ_Intermediate!Z6="",SSQ_Intermediate!AF6="",SSQ_Intermediate!AG6=""),"",SUM(SSQ_Intermediate!R6,SSQ_Intermediate!W6,SSQ_Intermediate!X6,SSQ_Intermediate!Y6,SSQ_Intermediate!Z6,SSQ_Intermediate!AF6,SSQ_Intermediate!AG6)) -> 1 | D6: =B6*'SSQ Metadata'!$B$12 -> 0 | E6: =IF(C6="","",C6*'SSQ Metadata'!$B$12) -> 9.54 | F6: =SSQ_Intermediate!B6+SSQ_Intermediate!C6+SSQ_Intermediate!D6+SSQ_Intermediate!E6+SSQ_Intermediate!F6+SSQ_Intermediate!J6+SSQ_Intermediate!L6 -> 1 | G6: =IF(AND(SSQ_Intermediate!R6="",SSQ_Intermediate!S6="",SSQ_Intermediate!T6="",SSQ_Intermediate!U6="",SSQ_Intermediate!V6="",SSQ_Intermediate!Z6="",SSQ_Intermediate!AB6=""),"",SUM(SSQ_Intermediate!R6,SSQ_Intermediate!S6,SSQ_Intermediate!T6,SSQ_Intermediate!U6,SSQ_Intermediate!V6,SSQ_Intermediate!Z6,SSQ_Intermediate!AB6)) -> 3 | H6: =F6*'SSQ Metadata'!$B$13 -> 7.58 | I6: =IF(G6="","",G6*'SSQ Metadata'!$B$13) -> 22.74 | J6: =SSQ_Intermediate!F6+SSQ_Intermediate!I6+SSQ_Intermediate!K6+SSQ_Intermediate!L6+SSQ_Intermediate!M6+SSQ_Intermediate!N6+SSQ_Intermediate!O6 -> 0 | K6: =IF(AND(SSQ_Intermediate!V6="",SSQ_Intermediate!Y6="",SSQ_Intermediate!AA6="",SSQ_Intermediate!AB6="",SSQ_Intermediate!AC6="",SSQ_Intermediate!AD6="",SSQ_Intermediate!AE6=""),"",SUM(SSQ_Intermediate!V6,SSQ_Intermediate!Y6,SSQ_Intermediate!AA6,SSQ_Intermediate!AB6,SSQ_Intermediate!AC6,SSQ_Intermediate!AD6,SSQ_Intermediate!AE6)) -> 1 | L6: =J6*'SSQ Metadata'!$B$14 -> 0 | M6: =IF(K6="","",K6*'SSQ Metadata'!$B$14) -> 13.92 | N6: =(B6+F6+J6)*'SSQ Metadata'!$B$15 -> 3.74 | O6: =IF(AND(C6="",G6="",K6=""),"",(C6+G6+K6)*'SSQ Metadata'!$B$15) -> 18.7 | P6: =IF(E6="","",E6-D6) -> 9.54 | Q6: =IF(I6="","",I6-H6) -> 15.16 | R6: =IF(M6="","",M6-L6) -> 13.92 | S6: =IF(O6="","",O6-N6) -> 14.96
A7: 4 | B7: =SSQ_Intermediate!B7+SSQ_Intermediate!G7+SSQ_Intermediate!H7+SSQ_Intermediate!I7+SSQ_Intermediate!J7+SSQ_Intermediate!P7+SSQ_Intermediate!Q7 -> 0 | C7: =IF(AND(SSQ_Intermediate!R7="",SSQ_Intermediate!W7="",SSQ_Intermediate!X7="",SSQ_Intermediate!Y7="",SSQ_Intermediate!Z7="",SSQ_Intermediate!AF7="",SSQ_Intermediate!AG7=""),"",SUM(SSQ_Intermediate!R7,SSQ_Intermediate!W7,SSQ_Intermediate!X7,SSQ_Intermediate!Y7,SSQ_Intermediate!Z7,SSQ_Intermediate!AF7,SSQ_Intermediate!AG7)) -> 4 | D7: =B7*'SSQ Metadata'!$B$12 -> 0 | E7: =IF(C7="","",C7*'SSQ Metadata'!$B$12) -> 38.16 | F7: =SSQ_Intermediate!B7+SSQ_Intermediate!C7+SSQ_Intermediate!D7+SSQ_Intermediate!E7+SSQ_Intermediate!F7+SSQ_Intermediate!J7+SSQ_Intermediate!L7 -> 0 | G7: =IF(AND(SSQ_Intermediate!R7="",SSQ_Intermediate!S7="",SSQ_Intermediate!T7="",SSQ_Intermediate!U7="",SSQ_Intermediate!V7="",SSQ_Intermediate!Z7="",SSQ_Intermediate!AB7=""),"",SUM(SSQ_Intermediate!R7,SSQ_Intermediate!S7,SSQ_Intermediate!T7,SSQ_Intermediate!U7,SSQ_Intermediate!V7,SSQ_Intermediate!Z7,SSQ_Intermediate!AB7)) -> 3 | H7: =F7*'SSQ Metadata'!$B$13 -> 0 | I7: =IF(G7="","",G7*'SSQ Metadata'!$B$13) -> 22.74 | J7: =SSQ_Intermediate!F7+SSQ_Intermediate!I7+SSQ_Intermediate!K7+SSQ_Intermediate!L7+SSQ_Intermediate!M7+SSQ_Intermediate!N7+SSQ_Intermediate!O7 -> 0 | K7: =IF(AND(SSQ_Intermediate!V7="",SSQ_Intermediate!Y7="",SSQ_Intermediate!AA7="",SSQ_Intermediate!AB7="",SSQ_Intermediate!AC7="",SSQ_Intermediate!AD7="",SSQ_Intermediate!AE7=""),"",SUM(SSQ_Intermediate!V7,SSQ_Intermediate!Y7,SSQ_Intermediate!AA7,SSQ_Intermediate!AB7,SSQ_Intermediate!AC7,SSQ_Intermediate!AD7,SSQ_Intermediate!AE7)) -> 3 | L7: =J7*'SSQ Metadata'!$B$14 -> 0 | M7: =IF(K7="","",K7*'SSQ Metadata'!$B$14) -> 41.76 | N7: =(B7+F7+J7)*'SSQ Metadata'!$B$15 -> 0 | O7: =IF(AND(C7="",G7="",K7=""),"",(C7+G7+K7)*'SSQ Metadata'!$B$15) -> 37.4 | P7: =IF(E7="","",E7-D7) -> 38.16 | Q7: =IF(I7="","",I7-H7) -> 22.74 | R7: =IF(M7="","",M7-L7) -> 41.76 | S7: =IF(O7="","",O7-N7) -> 37.4
A8: 5 | B8: =SSQ_Intermediate!B8+SSQ_Intermediate!G8+SSQ_Intermediate!H8+SSQ_Intermediate!I8+SSQ_Intermediate!J8+SSQ_Intermediate!P8+SSQ_Intermediate!Q8 -> 2 | C8: =IF(AND(SSQ_Intermediate!R8="",SSQ_Intermediate!W8="",SSQ_Intermediate!X8="",SSQ_Intermediate!Y8="",SSQ_Intermediate!Z8="",SSQ_Intermediate!AF8="",SSQ_Intermediate!AG8=""),"",SUM(SSQ_Intermediate!R8,SSQ_Intermediate!W8,SSQ_Intermediate!X8,SSQ_Intermediate!Y8,SSQ_Intermediate!Z8,SSQ_Intermediate!AF8,SSQ_Intermediate!AG8)) -> 1 | D8: =B8*'SSQ Metadata'!$B$12 -> 19.08 | E8: =IF(C8="","",C8*'SSQ Metadata'!$B$12) -> 9.54 | F8: =SSQ_Intermediate!B8+SSQ_Intermediate!C8+SSQ_Intermediate!D8+SSQ_Intermediate!E8+SSQ_Intermediate!F8+SSQ_Intermediate!J8+SSQ_Intermediate!L8 -> 5 | G8: =IF(AND(SSQ_Intermediate!R8="",SSQ_Intermediate!S8="",SSQ_Intermediate!T8="",SSQ_Intermediate!U8="",SSQ_Intermediate!V8="",SSQ_Intermediate!Z8="",SSQ_Intermediate!AB8=""),"",SUM(SSQ_Intermediate!R8,SSQ_Intermediate!S8,SSQ_Intermediate!T8,SSQ_Intermediate!U8,SSQ_Intermediate!V8,SSQ_Intermediate!Z8,SSQ_Intermediate!AB8)) -> 3 | H8: =F8*'SSQ Metadata'!$B$13 -> 37.9 | I8: =IF(G8="","",G8*'SSQ Metadata'!$B$13) -> 22.74 | J8: =SSQ_Intermediate!F8+SSQ_Intermediate!I8+SSQ_Intermediate!K8+SSQ_Intermediate!L8+SSQ_Intermediate!M8+SSQ_Intermediate!N8+SSQ_Intermediate!O8 -> 0 | K8: =IF(AND(SSQ_Intermediate!V8="",SSQ_Intermediate!Y8="",SSQ_Intermediate!AA8="",SSQ_Intermediate!AB8="",SSQ_Intermediate!AC8="",SSQ_Intermediate!AD8="",SSQ_Intermediate!AE8=""),"",SUM(SSQ_Intermediate!V8,SSQ_Intermediate!Y8,SSQ_Intermediate!AA8,SSQ_Intermediate!AB8,SSQ_Intermediate!AC8,SSQ_Intermediate!AD8,SSQ_Intermediate!AE8)) -> 2 | L8: =J8*'SSQ Metadata'!$B$14 -> 0 | M8: =IF(K8="","",K8*'SSQ Metadata'!$B$14) -> 27.84 | N8: =(B8+F8+J8)*'SSQ Metadata'!$B$15 -> 26.18 | O8: =IF(AND(C8="",G8="",K8=""),"",(C8+G8+K8)*'SSQ Metadata'!$B$15) -> 22.44 | P8: =IF(E8="","",E8-D8) -> -9.54 | Q8: =IF(I8="","",I8-H8) -> -15.16 | R8: =IF(M8="","",M8-L8) -> 27.84 | S8: =IF(O8="","",O8-N8) -> -3.74
A9: 6 | B9: =SSQ_Intermediate!B9+SSQ_Intermediate!G9+SSQ_Intermediate!H9+SSQ_Intermediate!I9+SSQ_Intermediate!J9+SSQ_Intermediate!P9+SSQ_Intermediate!Q9 -> 4 | C9: =IF(AND(SSQ_Intermediate!R9="",SSQ_Intermediate!W9="",SSQ_Intermediate!X9="",SSQ_Intermediate!Y9="",SSQ_Intermediate!Z9="",SSQ_Intermediate!AF9="",SSQ_Intermediate!AG9=""),"",SUM(SSQ_Intermediate!R9,SSQ_Intermediate!W9,SSQ_Intermediate!X9,SSQ_Intermediate!Y9,SSQ_Intermediate!Z9,SSQ_Intermediate!AF9,SSQ_Intermediate!AG9)) -> 2 | D9: =B9*'SSQ Metadata'!$B$12 -> 38.16 | E9: =IF(C9="","",C9*'SSQ Metadata'!$B$12) -> 19.08 | F9: =SSQ_Intermediate!B9+SSQ_Intermediate!C9+SSQ_Intermediate!D9+SSQ_Intermediate!E9+SSQ_Intermediate!F9+SSQ_Intermediate!J9+SSQ_Intermediate!L9 -> 8 | G9: =IF(AND(SSQ_Intermediate!R9="",SSQ_Intermediate!S9="",SSQ_Intermediate!T9="",SSQ_Intermediate!U9="",SSQ_Intermediate!V9="",SSQ_Intermediate!Z9="",SSQ_Intermediate!AB9=""),"",SUM(SSQ_Intermediate!R9,SSQ_Intermediate!S9,SSQ_Intermediate!T9,SSQ_Intermediate!U9,SSQ_Intermediate!V9,SSQ_Intermediate!Z9,SSQ_Intermediate!AB9)) -> 11 | H9: =F9*'SSQ Metadata'!$B$13 -> 60.64 | I9: =IF(G9="","",G9*'SSQ Metadata'!$B$13) -> 83.38 | J9: =SSQ_Intermediate!F9+SSQ_Intermediate!I9+SSQ_Intermediate!K9+SSQ_Intermediate!L9+SSQ_Intermediate!M9+SSQ_Intermediate!N9+SSQ_Intermediate!O9 -> 4 | K9: =IF(AND(SSQ_Intermediate!V9="",SSQ_Intermediate!Y9="",SSQ_Intermediate!AA9="",SSQ_Intermediate!AB9="",SSQ_Intermediate!AC9="",SSQ_Intermediate!AD9="",SSQ_Intermediate!AE9=""),"",SUM(SSQ_Intermediate!V9,SSQ_Intermediate!Y9,SSQ_Intermediate!AA9,SSQ_Intermediate!AB9,SSQ_Intermediate!AC9,SSQ_Intermediate!AD9,SSQ_Intermediate!AE9)) -> 7 | L9: =J9*'SSQ Metadata'!$B$14 -> 55.68 | M9: =IF(K9="","",K9*'SSQ Metadata'!$B$14) -> 97.44 | N9: =(B9+F9+J9)*'SSQ Metadata'!$B$15 -> 59.84 | O9: =IF(AND(C9="",G9="",K9=""),"",(C9+G9+K9)*'SSQ Metadata'!$B$15) -> 74.8 | P9: =IF(E9="","",E9-D9) -> -19.08 | Q9: =IF(I9="","",I9-H9) -> 22.74 | R9: =IF(M9="","",M9-L9) -> 41.76 | S9: =IF(O9="","",O9-N9) -> 14.96
A10: 7 | B10: =SSQ_Intermediate!B10+SSQ_Intermediate!G10+SSQ_Intermediate!H10+SSQ_Intermediate!I10+SSQ_Intermediate!J10+SSQ_Intermediate!P10+SSQ_Intermediate!Q10 -> 0 | C10: =IF(AND(SSQ_Intermediate!R10="",SSQ_Intermediate!W10="",SSQ_Intermediate!X10="",SSQ_Intermediate!Y10="",SSQ_Intermediate!Z10="",SSQ_Intermediate!AF10="",SSQ_Intermediate!AG10=""),"",SUM(SSQ_Intermediate!R10,SSQ_Intermediate!W10,SSQ_Intermediate!X10,SSQ_Intermediate!Y10,SSQ_Intermediate!Z10,SSQ_Intermediate!AF10,SSQ_Intermediate!AG10)) -> 1 | D10: =B10*'SSQ Metadata'!$B$12 -> 0 | E10: =IF(C10="","",C10*'SSQ Metadata'!$B$12) -> 9.54 | F10: =SSQ_Intermediate!B10+SSQ_Intermediate!C10+SSQ_Intermediate!D10+SSQ_Intermediate!E10+SSQ_Intermediate!F10+SSQ_Intermediate!J10+SSQ_Intermediate!L10 -> 4 | G10: =IF(AND(SSQ_Intermediate!R10="",SSQ_Intermediate!S10="",SSQ_Intermediate!T10="",SSQ_Intermediate!U10="",SSQ_Intermediate!V10="",SSQ_Intermediate!Z10="",SSQ_Intermediate!AB10=""),"",SUM(SSQ_Intermediate!R10,SSQ_Intermediate!S10,SSQ_Intermediate!T10,SSQ_Intermediate!U10,SSQ_Intermediate!V10,SSQ_Intermediate!Z10,SSQ_Intermediate!AB10)) -> 7 | H10: =F10*'SSQ Metadata'!$B$13 -> 30.32 | I10: =IF(G10="","",G10*'SSQ Metadata'!$B$13) -> 53.06 | J10: =SSQ_Intermediate!F10+SSQ_Intermediate!I10+SSQ_Intermediate!K10+SSQ_Intermediate!L10+SSQ_Intermediate!M10+SSQ_Intermediate!N10+SSQ_Intermediate!O10 -> 1 | K10: =IF(AND(SSQ_Intermediate!V10="",SSQ_Intermediate!Y10="",SSQ_Intermediate!AA10="",SSQ_Intermediate!AB10="",SSQ_Intermediate!AC10="",SSQ_Intermediate!AD10="",SSQ_Intermediate!AE10=""),"",SUM(SSQ_Intermediate!V10,SSQ_Intermediate!Y10,SSQ_Intermediate!AA10,SSQ_Intermediate!AB10,SSQ_Intermediate!AC10,SSQ_Intermediate!AD10,SSQ_Intermediate!AE10)) -> 5 | L10: =J10*'SSQ Metadata'!$B$14 -> 13.92 | M10: =IF(K10="","",K10*'SSQ Metadata'!$B$14) -> 69.6 | N10: =(B10+F10+J10)*'SSQ Metadata'!$B$15 -> 18.7 | O10: =IF(AND(C10="",G10="",K10=""),"",(C10+G10+K10)*'SSQ Metadata'!$B$15) -> 48.62 | P10: =IF(E10="","",E10-D10) -> 9.54 | Q10: =IF(I10="","",I10-H10) -> 22.74 | R10: =IF(M10="","",M10-L10) -> 55.68 | S10: =IF(O10="","",O10-N10) -> 29.92
A11: 8 | B11: =SSQ_Intermediate!B11+SSQ_Intermediate!G11+SSQ_Intermediate!H11+SSQ_Intermediate!I11+SSQ_Intermediate!J11+SSQ_Intermediate!P11+SSQ_Intermediate!Q11 -> 0 | C11: =IF(AND(SSQ_Intermediate!R11="",SSQ_Intermediate!W11="",SSQ_Intermediate!X11="",SSQ_Intermediate!Y11="",SSQ_Intermediate!Z11="",SSQ_Intermediate!AF11="",SSQ_Intermediate!AG11=""),"",SUM(SSQ_Intermediate!R11,SSQ_Intermediate!W11,SSQ_Intermediate!X11,SSQ_Intermediate!Y11,SSQ_Intermediate!Z11,SSQ_Intermediate!AF11,SSQ_Intermediate!AG11)) -> 1 | D11: =B11*'SSQ Metadata'!$B$12 -> 0 | E11: =IF(C11="","",C11*'SSQ Metadata'!$B$12) -> 9.54 | F11: =SSQ_Intermediate!B11+SSQ_Intermediate!C11+SSQ_Intermediate!D11+SSQ_Intermediate!E11+SSQ_Intermediate!F11+SSQ_Intermediate!J11+SSQ_Intermediate!L11 -> 0 | G11: =IF(AND(SSQ_Intermediate!R11="",SSQ_Intermediate!S11="",SSQ_Intermediate!T11="",SSQ_Intermediate!U11="",SSQ_Intermediate!V11="",SSQ_Intermediate!Z11="",SSQ_Intermediate!AB11=""),"",SUM(SSQ_Intermediate!R11,SSQ_Intermediate!S11,SSQ_Intermediate!T11,SSQ_Intermediate!U11,SSQ_Intermediate!V11,SSQ_Intermediate!Z11,SSQ_Intermediate!AB11)) -> 3 | H11: =F11*'SSQ Metadata'!$B$13 -> 0 | I11: =IF(G11="","",G11*'SSQ Metadata'!$B$13) -> 22.74 | J11: =SSQ_Intermediate!F11+SSQ_Intermediate!I11+SSQ_Intermediate!K11+SSQ_Intermediate!L11+SSQ_Intermediate!M11+SSQ_Intermediate!N11+SSQ_Intermediate!O11 -> 0 | K11: =IF(AND(SSQ_Intermediate!V11="",SSQ_Intermediate!Y11="",SSQ_Intermediate!AA11="",SSQ_Intermediate!AB11="",SSQ_Intermediate!AC11="",SSQ_Intermediate!AD11="",SSQ_Intermediate!AE11=""),"",SUM(SSQ_Intermediate!V11,SSQ_Intermediate!Y11,SSQ_Intermediate!AA11,SSQ_Intermediate!AB11,SSQ_Intermediate!AC11,SSQ_Intermediate!AD11,SSQ_Intermediate!AE11)) -> 1 | L11: =J11*'SSQ Metadata'!$B$14 -> 0 | M11: =IF(K11="","",K11*'SSQ Metadata'!$B$14) -> 13.92 | N11: =(B11+F11+J11)*'SSQ Metadata'!$B$15 -> 0 | O11: =IF(AND(C11="",G11="",K11=""),"",(C11+G11+K11)*'SSQ Metadata'!$B$15) -> 18.7 | P11: =IF(E11="","",E11-D11) -> 9.54 | Q11: =IF(I11="","",I11-H11) -> 22.74 | R11: =IF(M11="","",M11-L11) -> 13.92 | S11: =IF(O11="","",O11-N11) -> 18.7
A12: 9 | B12: =SSQ_Intermediate!B12+SSQ_Intermediate!G12+SSQ_Intermediate!H12+SSQ_Intermediate!I12+SSQ_Intermediate!J12+SSQ_Intermediate!P12+SSQ_Intermediate!Q12 -> 0 | C12: =IF(AND(SSQ_Intermediate!R12="",SSQ_Intermediate!W12="",SSQ_Intermediate!X12="",SSQ_Intermediate!Y12="",SSQ_Intermediate!Z12="",SSQ_Intermediate!AF12="",SSQ_Intermediate!AG12=""),"",SUM(SSQ_Intermediate!R12,SSQ_Intermediate!W12,SSQ_Intermediate!X12,SSQ_Intermediate!Y12,SSQ_Intermediate!Z12,SSQ_Intermediate!AF12,SSQ_Intermediate!AG12)) -> 6 | D12: =B12*'SSQ Metadata'!$B$12 -> 0 | E12: =IF(C12="","",C12*'SSQ Metadata'!$B$12) -> 57.24 | F12: =SSQ_Intermediate!B12+SSQ_Intermediate!C12+SSQ_Intermediate!D12+SSQ_Intermediate!E12+SSQ_Intermediate!F12+SSQ_Intermediate!J12+SSQ_Intermediate!L12 -> 0 | G12: =IF(AND(SSQ_Intermediate!R12="",SSQ_Intermediate!S12="",SSQ_Intermediate!T12="",SSQ_Intermediate!U12="",SSQ_Intermediate!V12="",SSQ_Intermediate!Z12="",SSQ_Intermediate!AB12=""),"",SUM(SSQ_Intermediate!R12,SSQ_Intermediate!S12,SSQ_Intermediate!T12,SSQ_Intermediate!U12,SSQ_Intermediate!V12,SSQ_Intermediate!Z12,SSQ_Intermediate!AB12)) -> 18 | H12: =F12*'SSQ Metadata'!$B$13 -> 0 | I12: =IF(G12="","",G12*'SSQ Metadata'!$B$13) -> 136.44 | J12: =SSQ_Intermediate!F12+SSQ_Intermediate!I12+SSQ_Intermediate!K12+SSQ_Intermediate!L12+SSQ_Intermediate!M12+SSQ_Intermediate!N12+SSQ_Intermediate!O12 -> 0 | K12: =IF(AND(SSQ_Intermediate!V12="",SSQ_Intermediate!Y12="",SSQ_Intermediate!AA12="",SSQ_Intermediate!AB12="",SSQ_Intermediate!AC12="",SSQ_Intermediate!AD12="",SSQ_Intermediate!AE12=""),"",SUM(SSQ_Intermediate!V12,SSQ_Intermediate!Y12,SSQ_Intermediate!AA12,SSQ_Intermediate!AB12,SSQ_Intermediate!AC12,SSQ_Intermediate!AD12,SSQ_Intermediate!AE12)) -> 11 | L12: =J12*'SSQ Metadata'!$B$14 -> 0 | M12: =IF(K12="","",K12*'SSQ Metadata'!$B$14) -> 153.12 | N12: =(B12+F12+J12)*'SSQ Metadata'!$B$15 -> 0 | O12: =IF(AND(C12="",G12="",K12=""),"",(C12+G12+K12)*'SSQ Metadata'!$B$15) -> 130.9 | P12: =IF(E12="","",E12-D12) -> 57.24 | Q12: =IF(I12="","",I12-H12) -> 136.44 | R12: =IF(M12="","",M12-L12) -> 153.12 | S12: =IF(O12="","",O12-N12) -> 130.9
A13: 10 | B13: =SSQ_Intermediate!B13+SSQ_Intermediate!G13+SSQ_Intermediate!H13+SSQ_Intermediate!I13+SSQ_Intermediate!J13+SSQ_Intermediate!P13+SSQ_Intermediate!Q13 -> 0 | C13: =IF(AND(SSQ_Intermediate!R13="",SSQ_Intermediate!W13="",SSQ_Intermediate!X13="",SSQ_Intermediate!Y13="",SSQ_Intermediate!Z13="",SSQ_Intermediate!AF13="",SSQ_Intermediate!AG13=""),"",SUM(SSQ_Intermediate!R13,SSQ_Intermediate!W13,SSQ_Intermediate!X13,SSQ_Intermediate!Y13,SSQ_Intermediate!Z13,SSQ_Intermediate!AF13,SSQ_Intermediate!AG13)) -> 1 | D13: =B13*'SSQ Metadata'!$B$12 -> 0 | E13: =IF(C13="","",C13*'SSQ Metadata'!$B$12) -> 9.54 | F13: =SSQ_Intermediate!B13+SSQ_Intermediate!C13+SSQ_Intermediate!D13+SSQ_Intermediate!E13+SSQ_Intermediate!F13+SSQ_Intermediate!J13+SSQ_Intermediate!L13 -> 0 | G13: =IF(AND(SSQ_Intermediate!R13="",SSQ_Intermediate!S13="",SSQ_Intermediate!T13="",SSQ_Intermediate!U13="",SSQ_Intermediate!V13="",SSQ_Intermediate!Z13="",SSQ_Intermediate!AB13=""),"",SUM(SSQ_Intermediate!R13,SSQ_Intermediate!S13,SSQ_Intermediate!T13,SSQ_Intermediate!U13,SSQ_Intermediate!V13,SSQ_Intermediate!Z13,SSQ_Intermediate!AB13)) -> 1 | H13: =F13*'SSQ Metadata'!$B$13 -> 0 | I13: =IF(G13="","",G13*'SSQ Metadata'!$B$13) -> 7.58 | J13: =SSQ_Intermediate!F13+SSQ_Intermediate!I13+SSQ_Intermediate!K13+SSQ_Intermediate!L13+SSQ_Intermediate!M13+SSQ_Intermediate!N13+SSQ_Intermediate!O13 -> 0 | K13: =IF(AND(SSQ_Intermediate!V13="",SSQ_Intermediate!Y13="",SSQ_Intermediate!AA13="",SSQ_Intermediate!AB13="",SSQ_Intermediate!AC13="",SSQ_Intermediate!AD13="",SSQ_Intermediate!AE13=""),"",SUM(SSQ_Intermediate!V13,SSQ_Intermediate!Y13,SSQ_Intermediate!AA13,SSQ_Intermediate!AB13,SSQ_Intermediate!AC13,SSQ_Intermediate!AD13,SSQ_Intermediate!AE13)) -> 1 | L13: =J13*'SSQ Metadata'!$B$14 -> 0 | M13: =IF(K13="","",K13*'SSQ Metadata'!$B$14) -> 13.92 | N13: =(B13+F13+J13)*'SSQ Metadata'!$B$15 -> 0 | O13: =IF(AND(C13="",G13="",K13=""),"",(C13+G13+K13)*'SSQ Metadata'!$B$15) -> 11.22 | P13: =IF(E13="","",E13-D13) -> 9.54 | Q13: =IF(I13="","",I13-H13) -> 7.58 | R13: =IF(M13="","",M13-L13) -> 13.92 | S13: =IF(O13="","",O13-N13) -> 11.22
A14: 11 | B14: =SSQ_Intermediate!B14+SSQ_Intermediate!G14+SSQ_Intermediate!H14+SSQ_Intermediate!I14+SSQ_Intermediate!J14+SSQ_Intermediate!P14+SSQ_Intermediate!Q14 -> 4 | C14: =IF(AND(SSQ_Intermediate!R14="",SSQ_Intermediate!W14="",SSQ_Intermediate!X14="",SSQ_Intermediate!Y14="",SSQ_Intermediate!Z14="",SSQ_Intermediate!AF14="",SSQ_Intermediate!AG14=""),"",SUM(SSQ_Intermediate!R14,SSQ_Intermediate!W14,SSQ_Intermediate!X14,SSQ_Intermediate!Y14,SSQ_Intermediate!Z14,SSQ_Intermediate!AF14,SSQ_Intermediate!AG14)) -> 7 | D14: =B14*'SSQ Metadata'!$B$12 -> 38.16 | E14: =IF(C14="","",C14*'SSQ Metadata'!$B$12) -> 66.78 | F14: =SSQ_Intermediate!B14+SSQ_Intermediate!C14+SSQ_Intermediate!D14+SSQ_Intermediate!E14+SSQ_Intermediate!F14+SSQ_Intermediate!J14+SSQ_Intermediate!L14 -> 4 | G14: =IF(AND(SSQ_Intermediate!R14="",SSQ_Intermediate!S14="",SSQ_Intermediate!T14="",SSQ_Intermediate!U14="",SSQ_Intermediate!V14="",SSQ_Intermediate!Z14="",SSQ_Intermediate!AB14=""),"",SUM(SSQ_Intermediate!R14,SSQ_Intermediate!S14,SSQ_Intermediate!T14,SSQ_Intermediate!U14,SSQ_Intermediate!V14,SSQ_Intermediate!Z14,SSQ_Intermediate!AB14)) -> 13 | H14: =F14*'SSQ Metadata'!$B$13 -> 30.32 | I14: =IF(G14="","",G14*'SSQ Metadata'!$B$13) -> 98.54 | J14: =SSQ_Intermediate!F14+SSQ_Intermediate!I14+SSQ_Intermediate!K14+SSQ_Intermediate!L14+SSQ_Intermediate!M14+SSQ_Intermediate!N14+SSQ_Intermediate!O14 -> 0 | K14: =IF(AND(SSQ_Intermediate!V14="",SSQ_Intermediate!Y14="",SSQ_Intermediate!AA14="",SSQ_Intermediate!AB14="",SSQ_Intermediate!AC14="",SSQ_Intermediate!AD14="",SSQ_Intermediate!AE14=""),"",SUM(SSQ_Intermediate!V14,SSQ_Intermediate!Y14,SSQ_Intermediate!AA14,SSQ_Intermediate!AB14,SSQ_Intermediate!AC14,SSQ_Intermediate!AD14,SSQ_Intermediate!AE14)) -> 5 | L14: =J14*'SSQ Metadata'!$B$14 -> 0 | M14: =IF(K14="","",K14*'SSQ Metadata'!$B$14) -> 69.6 | N14: =(B14+F14+J14)*'SSQ Metadata'!$B$15 -> 29.92 | O14: =IF(AND(C14="",G14="",K14=""),"",(C14+G14+K14)*'SSQ Metadata'!$B$15) -> 93.5 | P14: =IF(E14="","",E14-D14) -> 28.62 | Q14: =IF(I14="","",I14-H14) -> 68.22 | R14: =IF(M14="","",M14-L14) -> 69.6 | S14: =IF(O14="","",O14-N14) -> 63.58
A15: 12 | B15: =SSQ_Intermediate!B15+SSQ_Intermediate!G15+SSQ_Intermediate!H15+SSQ_Intermediate!I15+SSQ_Intermediate!J15+SSQ_Intermediate!P15+SSQ_Intermediate!Q15 -> 2 | C15: =IF(AND(SSQ_Intermediate!R15="",SSQ_Intermediate!W15="",SSQ_Intermediate!X15="",SSQ_Intermediate!Y15="",SSQ_Intermediate!Z15="",SSQ_Intermediate!AF15="",SSQ_Intermediate!AG15=""),"",SUM(SSQ_Intermediate!R15,SSQ_Intermediate!W15,SSQ_Intermediate!X15,SSQ_Intermediate!Y15,SSQ_Intermediate!Z15,SSQ_Intermediate!AF15,SSQ_Intermediate!AG15)) -> 2 | D15: =B15*'SSQ Metadata'!$B$12 -> 19.08 | E15: =IF(C15="","",C15*'SSQ Metadata'!$B$12) -> 19.08 | F15: =SSQ_Intermediate!B15+SSQ_Intermediate!C15+SSQ_Intermediate!D15+SSQ_Intermediate!E15+SSQ_Intermediate!F15+SSQ_Intermediate!J15+SSQ_Intermediate!L15 -> 1 | G15: =IF(AND(SSQ_Intermediate!R15="",SSQ_Intermediate!S15="",SSQ_Intermediate!T15="",SSQ_Intermediate!U15="",SSQ_Intermediate!V15="",SSQ_Intermediate!Z15="",SSQ_Intermediate!AB15=""),"",SUM(SSQ_Intermediate!R15,SSQ_Intermediate!S15,SSQ_Intermediate!T15,SSQ_Intermediate!U15,SSQ_Intermediate!V15,SSQ_Intermediate!Z15,SSQ_Intermediate!AB15)) -> 1 | H15: =F15*'SSQ Metadata'!$B$13 -> 7.58 | I15: =IF(G15="","",G15*'SSQ Metadata'!$B$13) -> 7.58 | J15: =SSQ_Intermediate!F15+SSQ_Intermediate!I15+SSQ_Intermediate!K15+SSQ_Intermediate!L15+SSQ_Intermediate!M15+SSQ_Intermediate!N15+SSQ_Intermediate!O15 -> 1 | K15: =IF(AND(SSQ_Intermediate!V15="",SSQ_Intermediate!Y15="",SSQ_Intermediate!AA15="",SSQ_Intermediate!AB15="",SSQ_Intermediate!AC15="",SSQ_Intermediate!AD15="",SSQ_Intermediate!AE15=""),"",SUM(SSQ_Intermediate!V15,SSQ_Intermediate!Y15,SSQ_Intermediate!AA15,SSQ_Intermediate!AB15,SSQ_Intermediate!AC15,SSQ_Intermediate!AD15,SSQ_Intermediate!AE15)) -> 2 | L15: =J15*'SSQ Metadata'!$B$14 -> 13.92 | M15: =IF(K15="","",K15*'SSQ Metadata'!$B$14) -> 27.84 | N15: =(B15+F15+J15)*'SSQ Metadata'!$B$15 -> 14.96 | O15: =IF(AND(C15="",G15="",K15=""),"",(C15+G15+K15)*'SSQ Metadata'!$B$15) -> 18.7 | P15: =IF(E15="","",E15-D15) -> 0 | Q15: =IF(I15="","",I15-H15) -> 0 | R15: =IF(M15="","",M15-L15) -> 13.92 | S15: =IF(O15="","",O15-N15) -> 3.74
... A103: 100 | B103: =SSQ_Intermediate!B103+SSQ_Intermediate!G103+SSQ_Intermediate!H103+SSQ_Intermediate!I103+SSQ_Intermediate!J103+SSQ_Intermediate!P103+SSQ_Intermediate!Q103 -> 0 | C103: =IF(AND(SSQ_Intermediate!R103="",SSQ_Intermediate!W103="",SSQ_Intermediate!X103="",SSQ_Intermediate!Y103="",SSQ_Intermediate!Z103="",SSQ_Intermediate!AF103="",SSQ_Intermediate!AG103=""),"",SUM(SSQ_Intermediate!R103,SSQ_Intermediate!W103,SSQ_Intermediate!X103,SSQ_Intermediate!Y103,SSQ_Intermediate!Z103,SSQ_Intermediate!AF103,SSQ_Intermediate!AG103)) | D103: =B103*'SSQ Metadata'!$B$12 -> 0 | E103: =IF(C103="","",C103*'SSQ Metadata'!$B$12) | F103: =SSQ_Intermediate!B103+SSQ_Intermediate!C103+SSQ_Intermediate!D103+SSQ_Intermediate!E103+SSQ_Intermediate!F103+SSQ_Intermediate!J103+SSQ_Intermediate!L103 -> 0 | G103: =IF(AND(SSQ_Intermediate!R103="",SSQ_Intermediate!S103="",SSQ_Intermediate!T103="",SSQ_Intermediate!U103="",SSQ_Intermediate!V103="",SSQ_Intermediate!Z103="",SSQ_Intermediate!AB103=""),"",SUM(SSQ_Intermediate!R103,SSQ_Intermediate!S103,SSQ_Intermediate!T103,SSQ_Intermediate!U103,SSQ_Intermediate!V103,SSQ_Intermediate!Z103,SSQ_Intermediate!AB103)) | H103: =F103*'SSQ Metadata'!$B$13 -> 0 | I103: =IF(G103="","",G103*'SSQ Metadata'!$B$13) | J103: =SSQ_Intermediate!F103+SSQ_Intermediate!I103+SSQ_Intermediate!K103+SSQ_Intermediate!L103+SSQ_Intermediate!M103+SSQ_Intermediate!N103+SSQ_Intermediate!O103 -> 0 | K103: =IF(AND(SSQ_Intermediate!V103="",SSQ_Intermediate!Y103="",SSQ_Intermediate!AA103="",SSQ_Intermediate!AB103="",SSQ_Intermediate!AC103="",SSQ_Intermediate!AD103="",SSQ_Intermediate!AE103=""),"",SUM(SSQ_Intermediate!V103,SSQ_Intermediate!Y103,SSQ_Intermediate!AA103,SSQ_Intermediate!AB103,SSQ_Intermediate!AC103,SSQ_Intermediate!AD103,SSQ_Intermediate!AE103)) | L103: =J103*'SSQ Metadata'!$B$14 -> 0 | M103: =IF(K103="","",K103*'SSQ Metadata'!$B$14) | N103: =(B103+F103+J103)*'SSQ Metadata'!$B$15 -> 0 | O103: =IF(AND(C103="",G103="",K103=""),"",(C103+G103+K103)*'SSQ Metadata'!$B$15) | P103: =IF(E103="","",E103-D103) | Q103: =IF(I103="","",I103-H103) | R103: =IF(M103="","",M103-L103) | S103: =IF(O103="","",O103-N103)
